,price
4495,469000.0
4860,175000.0
5234,292600.0
1780,190000.0
7270,295000.0
3919,475000.0
16387,578000.0
21269,319000.0
19111,275400.0
16132,437400.0
17944,850000.0
6415,775000.0
14718,236000.0
8161,370000.0
10859,575000.0
3649,387500.0
7470,370000.0
8888,392500.0
10493,385000.0
19164,475000.0
5708,263000.0
5079,475000.0
2990,320000.0
2687,461000.0
3525,865000.0
3732,277284.0
14146,433000.0
4888,365000.0
18373,474000.0
12996,340000.0
6725,319000.0
12111,555000.0
17878,239000.0
18429,358500.0
4887,952000.0
4755,800866.0
10121,860000.0
15600,312000.0
8874,287000.0
17773,799000.0
9255,273000.0
20104,439990.0
17214,299900.0
4206,255000.0
15551,560000.0
21335,565000.0
4309,430000.0
21231,510000.0
6935,589900.0
20340,359950.0
7576,379900.0
21448,380000.0
20999,338500.0
19061,191000.0
7174,249000.0
5025,464000.0
17948,765000.0
13804,479000.0
12079,490000.0
12227,589000.0
20236,1300000.0
20373,390000.0
8857,205950.0
17954,260000.0
6165,352000.0
20954,355000.0
8481,200000.0
16279,672500.0
7139,721000.0
16799,352500.0
1836,1100000.0
2337,1370000.0
12674,209950.0
19992,759000.0
12395,352000.0
7223,438000.0
8069,450000.0
7471,260656.0
13036,532000.0
15645,420000.0
4695,1200000.0
18815,400000.0
16592,685000.0
5671,998000.0
13004,230000.0
21314,685000.0
17700,242000.0
2976,495000.0
2832,675500.0
9990,620000.0
1586,443500.0
13481,790000.0
498,625000.0
10820,945000.0
1552,957500.0
9718,270000.0
134,675000.0
19896,1260000.0
7794,321000.0
3558,539950.0
20777,749950.0
21029,518380.0
8123,344950.0
6956,1580000.0
15505,242000.0
12760,650000.0
21433,650000.0
10281,595000.0
1686,510000.0
15557,620000.0
4357,600000.0
18050,210000.0
7031,717000.0
20517,250000.0
13950,306500.0
7479,242000.0
19522,379950.0
4075,280000.0
3901,455000.0
4696,670000.0
21454,249000.0
10765,630000.0
11993,1300000.0
5619,885000.0
17512,594000.0
4220,271500.0
16061,370000.0
18289,250000.0
3729,795000.0
15350,330000.0
11452,279900.0
14615,277000.0
7620,550000.0
13764,375000.0
8199,249000.0
8402,871000.0
10342,385000.0
2223,665000.0
20167,260000.0
5857,370000.0
12376,207000.0
18540,839000.0
19703,549995.0
8077,787000.0
20364,500000.0
8185,180000.0
6727,345000.0
6732,875000.0
18092,176000.0
17733,261500.0
13023,413000.0
20151,502000.0
18012,575000.0
13512,500000.0
8025,631750.0
13275,322000.0
5165,395000.0
19887,500000.0
15054,464000.0
19405,557000.0
19862,334990.0
3833,395000.0
420,482000.0
1244,780000.0
17102,310000.0
1389,439000.0
1321,267500.0
18792,625000.0
18968,237500.0
10204,268500.0
19256,550000.0
16937,1230000.0
2106,870000.0
4452,790000.0
16108,285000.0
11349,495000.0
990,585000.0
3239,491500.0
1548,355000.0
2342,815000.0
16860,649800.0
6627,782000.0
12222,385000.0
7640,542500.0
18199,452000.0
17716,515000.0
17177,997950.0
20144,334500.0
21469,1720000.0
2082,1250000.0
10338,385000.0
4361,639000.0
941,570000.0
18386,350500.0
2793,750000.0
16092,1430000.0
5287,294950.0
3979,735000.0
5161,878000.0
4788,720000.0
16682,405000.0
7077,410000.0
20828,631500.0
10918,357000.0
4323,395000.0
20210,585000.0
13407,275000.0
8967,450000.0
19802,419354.0
17776,296500.0
9231,412133.0
18161,550000.0
16780,386000.0
4461,284000.0
18339,349950.0
5063,479990.0
5139,650000.0
13566,780000.0
6916,208000.0
6103,1240000.0
20962,305450.0
8916,366000.0
5580,422000.0
1777,355000.0
5318,319950.0
19192,319000.0
12622,489500.0
6460,455000.0
15582,330000.0
16386,706000.0
16343,742500.0
9731,259500.0
9588,350000.0
490,452000.0
6315,355000.0
14156,321500.0
15110,555700.0
19028,872000.0
16183,840000.0
20133,385000.0
12220,344000.0
10163,235000.0
6549,200000.0
9619,920000.0
5702,380000.0
13661,338000.0
19925,450000.0
5530,250000.0
4137,545000.0
396,530000.0
17327,1200000.0
3670,281000.0
10419,570000.0
2124,180500.0
9869,503000.0
12934,206000.0
4619,1130000.0
16762,560000.0
12030,513000.0
15218,359000.0
3548,334550.0
5319,210000.0
13331,252000.0
15892,427500.0
3377,485000.0
7935,612500.0
13731,409000.0
6620,359000.0
2358,234000.0
19250,390000.0
12794,538000.0
8444,739900.0
5655,487000.0
11687,191950.0
17091,272000.0
4503,300000.0
10696,375000.0
3334,299000.0
460,1050000.0
15601,260000.0
1001,258000.0
10198,539000.0
16396,570000.0
8261,425000.0
16963,421000.0
7069,990000.0
11347,533000.0
13939,262500.0
14618,267000.0
9437,355000.0
18430,401000.0
7553,679000.0
18577,520000.0
3930,1380000.0
3973,635000.0
3156,431000.0
13300,667000.0
5937,554000.0
11175,674000.0
11777,218000.0
13182,525000.0
9200,443500.0
15914,550285.0
1513,621138.0
12027,338995.0
16201,528000.0
11508,475000.0
5969,295000.0
3784,816000.0
20083,368000.0
1660,960000.0
18282,182500.0
2405,968933.0
13691,265000.0
2597,320000.0
10417,315000.0
9095,429000.0
16692,213500.0
4545,197500.0
45,488000.0
19965,1210000.0
21541,530000.0
12080,299000.0
4460,570000.0
1797,465000.0
15497,266750.0
15635,252000.0
1531,935000.0
10406,359000.0
12912,575000.0
16393,333000.0
2545,715000.0
11256,1400000.0
19428,595000.0
5092,833000.0
12553,213800.0
557,238000.0
4911,465000.0
16417,688000.0
6937,650000.0
1085,550000.0
20590,320000.0
2682,315500.0
11096,1110000.0
19715,442000.0
2322,437000.0
9461,279000.0
14768,343000.0
3829,524000.0
768,760000.0
11961,760000.0
8663,450000.0
12485,366400.0
4847,988830.0
13901,335000.0
7774,430000.0
8891,452000.0
20263,415000.0
6218,606000.0
9902,317500.0
17149,135000.0
9699,349000.0
6855,110000.0
1111,350900.0
10957,554729.0
1571,525000.0
19226,580000.0
17713,839000.0
18718,229000.0
17584,160000.0
20267,380000.0
3116,415000.0
15262,513000.0
21053,389517.0
11132,650000.0
9147,450000.0
14557,895000.0
5754,580000.0
21073,359950.0
16878,300000.0
15941,850000.0
10510,645000.0
8277,193000.0
6445,259000.0
3440,276000.0
3989,810000.0
19471,420000.0
16264,209950.0
15298,190000.0
8437,607000.0
14595,574800.0
13613,240000.0
13744,199950.0
13416,415000.0
19109,405000.0
7551,382000.0
16739,277500.0
17594,970000.0
4041,704300.0
9756,365000.0
2227,265000.0
10375,309950.0
9726,259000.0
19487,246000.0
6283,490000.0
10459,402500.0
352,315000.0
8551,324000.0
6144,300000.0
12662,345000.0
10540,385000.0
17322,600000.0
6893,410500.0
357,420000.0
5799,272000.0
17208,499000.0
8594,279000.0
15145,310000.0
11678,412000.0
7574,678940.0
3663,397000.0
9259,490000.0
886,466000.0
3518,525000.0
21494,420000.0
12582,205000.0
17388,805000.0
9463,495000.0
14611,855000.0
7912,585000.0
10387,285000.0
20422,530000.0
9769,505000.0
1150,1960000.0
4315,432500.0
14338,319500.0
2816,1390000.0
17813,950000.0
7610,288250.0
21517,999999.0
5954,620000.0
13422,716500.0
8653,139000.0
6631,313000.0
15171,490000.0
3974,350000.0
17980,320000.0
11228,295000.0
21422,435000.0
841,320000.0
7083,587206.0
9277,600000.0
19573,235000.0
16741,890000.0
4435,1250000.0
18382,306000.0
21401,598500.0
15299,340000.0
20374,274000.0
5067,731100.0
10948,440000.0
15750,1690000.0
3671,620000.0
18398,359000.0
15823,440000.0
10935,442500.0
7322,485000.0
15968,652600.0
11757,325000.0
14749,213675.0
7583,390000.0
18607,515000.0
4172,340000.0
670,460000.0
17339,919000.0
14042,510000.0
5386,345000.0
21460,433000.0
17750,583500.0
14036,292000.0
10359,429000.0
18952,308900.0
12779,495000.0
20343,279000.0
11914,522500.0
10713,406500.0
18486,475000.0
12777,229950.0
5555,406430.0
17062,845000.0
17263,220000.0
11635,198000.0
7809,685900.0
10071,577500.0
16212,420000.0
20558,212000.0
12443,1070000.0
10332,446000.0
16162,375000.0
5732,325000.0
8603,340000.0
10988,320000.0
1339,960000.0
8043,499000.0
12909,275000.0
12951,455500.0
13016,644500.0
15639,160000.0
5657,898000.0
18225,430000.0
18233,270000.0
3296,921500.0
20992,580000.0
2908,510000.0
13593,382000.0
6966,707000.0
14693,562000.0
20064,635000.0
15714,595000.0
584,268500.0
17176,450000.0
14349,800000.0
19313,812000.0
21420,255000.0
9052,499000.0
19981,287000.0
16807,610000.0
19740,385000.0
7178,225000.0
5865,399000.0
20750,641000.0
7293,570000.0
6878,543000.0
661,496500.0
8342,455000.0
17451,650000.0
11546,804000.0
15490,273500.0
9099,420000.0
19107,250000.0
2193,490000.0
19745,645000.0
17292,1210000.0
6972,320000.0
8515,320000.0
13811,273500.0
19617,377000.0
10692,375000.0
2055,319990.0
5168,308000.0
6275,760000.0
15865,330000.0
6730,725000.0
11037,389900.0
14827,952000.0
298,404000.0
6204,313100.0
16059,750000.0
15556,715000.0
12120,375000.0
4235,384400.0
4877,240000.0
19952,631625.0
15870,300499.0
19732,745000.0
17422,209950.0
5956,796000.0
20697,515000.0
7969,635000.0
4123,360000.0
3789,160000.0
4684,465000.0
14341,795000.0
12980,180000.0
20394,271115.0
2552,265000.0
11269,710000.0
21003,345000.0
14163,675000.0
8662,385000.0
3134,752500.0
4919,832500.0
2891,425000.0
17329,242000.0
15974,825000.0
7159,237000.0
3010,945000.0
7543,1490000.0
14356,570000.0
19338,570000.0
12657,680000.0
11667,840000.0
20091,310000.0
5605,335000.0
831,350000.0
21083,447000.0
11594,1300000.0
10509,389100.0
14556,395000.0
20670,256703.0
12635,361500.0
4439,812000.0
2808,175000.0
6233,200000.0
5029,550000.0
1122,1200000.0
5000,430000.0
20682,619990.0
19929,530000.0
19023,285000.0
10291,464000.0
20781,450000.0
12884,663000.0
12099,315000.0
6691,769000.0
11653,410000.0
1876,832000.0
9467,665000.0
17223,569950.0
15620,265000.0
966,582800.0
14463,153500.0
13834,525000.0
16351,262500.0
14804,219900.0
1337,435000.0
9647,1570000.0
6470,775000.0
9130,557510.0
11253,257000.0
13020,395000.0
8842,750000.0
12041,585000.0
10867,440000.0
17653,550000.0
15675,305000.0
12802,310000.0
14118,300000.0
1223,365000.0
2484,1010000.0
15541,175000.0
16031,331000.0
803,625000.0
17153,642000.0
17224,212500.0
20830,369950.0
8637,995000.0
10268,405000.0
15715,850000.0
3625,510000.0
4037,494000.0
18919,279000.0
14643,620000.0
10465,820000.0
9110,300000.0
21298,458000.0
1132,1280000.0
9956,799000.0
5479,765000.0
3619,525000.0
1361,933399.0
4758,1850000.0
18457,255000.0
15679,645000.0
21121,346100.0
12987,295000.0
15585,687000.0
3445,425000.0
14316,340000.0
17846,440000.0
17601,293000.0
13378,313100.0
20173,730000.0
742,740000.0
20868,270500.0
8536,752000.0
8919,950000.0
15394,398000.0
17184,305000.0
21095,424950.0
13227,410000.0
11017,410000.0
14493,359800.0
2991,604000.0
6347,215000.0
10888,570000.0
17226,1460000.0
6228,810000.0
13158,425000.0
12727,425000.0
8154,275000.0
2721,438000.0
362,329500.0
8335,350000.0
15658,355000.0
16835,392000.0
10655,715000.0
16466,380500.0
19977,439108.0
6139,639900.0
8714,237500.0
20257,378000.0
18435,310000.0
519,890000.0
18794,335000.0
3425,297500.0
2782,340000.0
13137,260000.0
5637,560000.0
15709,565000.0
10266,708000.0
9048,254000.0
120,660000.0
14149,279000.0
2478,432500.0
15465,549800.0
16484,298500.0
2485,335000.0
13232,492000.0
17119,175000.0
8982,214000.0
8192,525000.0
744,395000.0
1667,396000.0
16573,740000.0
8002,476500.0
1562,610000.0
17150,800000.0
7170,287000.0
6822,657500.0
6075,670000.0
4797,410000.0
10550,465000.0
21131,659950.0
3465,330000.0
212,592500.0
5557,250000.0
9029,397990.0
3779,286950.0
1563,828500.0
19963,447055.0
8224,480000.0
11071,450000.0
14327,579000.0
20393,461000.0
15667,1080000.0
2862,3600000.0
5186,355000.0
18142,552500.0
17752,535000.0
16909,445700.0
7604,805000.0
10069,270000.0
14439,532000.0
18215,475000.0
5959,315000.0
3496,980000.0
17749,530000.0
10156,775000.0
10844,550000.0
11278,857000.0
3137,178500.0
9602,350000.0
3882,730000.0
14546,330000.0
2222,275000.0
19108,655000.0
16364,525000.0
17726,290000.0
7463,425000.0
7793,615000.0
14367,519000.0
17734,488800.0
19237,250000.0
8429,285000.0
10517,770000.0
13159,490000.0
20649,394950.0
4951,611000.0
17684,225000.0
14875,205000.0
14817,295000.0
11623,299999.0
7555,563000.0
13090,453000.0
21252,459995.0
8950,400000.0
15123,220000.0
18326,470000.0
7999,390000.0
19155,517000.0
3393,225000.0
18532,450000.0
21154,235245.0
11928,250000.0
11901,685000.0
6485,280000.0
4207,1290000.0
9379,334998.0
333,640000.0
14088,165000.0
12517,174000.0
2480,679000.0
435,749000.0
10513,1700000.0
4960,340000.0
7695,376500.0
8054,505000.0
16496,255000.0
17016,190000.0
14540,780000.0
4281,215000.0
16022,640000.0
13884,223000.0
18571,195000.0
10324,229900.0
8733,500000.0
14821,300523.0
9185,240000.0
19812,530000.0
9648,261000.0
2660,418200.0
2727,385000.0
2553,646000.0
17220,1090000.0
2877,334000.0
18124,744000.0
11629,350000.0
15210,752000.0
4477,520000.0
5924,325000.0
1975,695000.0
12978,350000.0
12804,242500.0
6718,305000.0
6360,817000.0
17674,612500.0
6072,438900.0
16679,324950.0
9358,219950.0
11032,280000.0
17806,245000.0
19734,335000.0
6451,810000.0
2325,446500.0
15666,799990.0
2601,205500.0
20342,550000.0
11031,751000.0
9364,259000.0
11609,565000.0
20943,407000.0
11141,515000.0
873,785000.0
7296,348000.0
13615,105500.0
35,696000.0
2209,276000.0
21188,1060000.0
10320,305000.0
12599,456200.0
6981,515000.0
8908,460000.0
12537,381800.0
11612,614000.0
14285,515000.0
13373,246000.0
6528,295000.0
17348,853505.0
13003,460000.0
18760,813000.0
6851,280000.0
21085,277140.0
21455,525000.0
18377,790000.0
17965,575000.0
15958,345000.0
5421,780000.0
13536,635000.0
15236,439800.0
12651,278000.0
4718,440000.0
2254,245000.0
1815,1320000.0
627,1040000.0
4769,357186.0
14824,375000.0
17243,856500.0
18600,483000.0
1697,561000.0
222,527000.0
4953,317000.0
9144,563000.0
9371,533000.0
8932,855000.0
5151,515000.0
15812,280000.0
15405,248000.0
4869,215000.0
5304,535000.0
16837,449950.0
857,450000.0
8287,605000.0
8263,374000.0
8155,576250.0
5017,425000.0
15821,1300000.0
10596,367000.0
3045,479000.0
3598,375000.0
4952,214100.0
8867,323500.0
4526,263400.0
21142,1070000.0
2414,286700.0
18247,740000.0
16261,270000.0
451,333500.0
14992,535000.0
15606,180000.0
1614,349500.0
12837,725000.0
13230,575000.0
15269,607500.0
2562,1620000.0
12210,490000.0
7598,518000.0
8830,298000.0
19400,495000.0
13388,452000.0
9042,226800.0
14847,375000.0
6349,1450000.0
2506,620000.0
3570,230000.0
11710,465000.0
19163,873000.0
18335,570000.0
13685,249000.0
2019,340000.0
4166,810000.0
6804,256400.0
19988,718000.0
11249,785000.0
719,267000.0
2284,530000.0
537,595000.0
15396,839000.0
4819,480000.0
2907,476000.0
16801,175000.0
10147,460000.0
8049,435000.0
5583,275053.0
7833,328000.0
9525,395000.0
12324,1190000.0
14306,405500.0
20771,483453.0
6928,223000.0
2997,637000.0
10916,711000.0
500,650000.0
1704,1270000.0
3623,410000.0
16497,337000.0
6288,265953.0
4211,291500.0
17841,849000.0
3350,145000.0
4188,1050000.0
18679,835000.0
14125,375000.0
4775,660000.0
17852,752888.0
8504,355000.0
3754,205000.0
16896,735000.0
16340,575000.0
12116,306888.0
1532,657500.0
20026,799950.0
3607,419000.0
9464,490000.0
20889,533112.0
10267,1300000.0
2818,245000.0
20410,998000.0
10701,655000.0
8424,290000.0
13978,326250.0
3166,575000.0
5652,419000.0
6442,286000.0
5906,390000.0
13114,465000.0
16502,360000.0
7768,639000.0
12719,287000.0
20915,330000.0
3516,570000.0
12906,428000.0
20121,629000.0
3416,375000.0
18451,285000.0
18835,620000.0
18749,731781.0
14458,275000.0
7813,265000.0
15462,215000.0
19087,853000.0
10590,472217.0
16883,972000.0
12462,300000.0
3562,299000.0
6323,240000.0
11500,210000.0
2201,612000.0
9846,494000.0
3761,750000.0
992,253000.0
7306,3100000.0
2299,370000.0
20737,775000.0
9964,234000.0
16254,1620000.0
10527,1700000.0
17082,525000.0
5329,625000.0
8404,400000.0
9348,715000.0
10824,950000.0
13595,447500.0
16534,213000.0
3858,280000.0
16289,365000.0
19506,268000.0
13083,390000.0
6715,990000.0
9938,308950.0
322,230000.0
10328,661500.0
11392,253500.0
1702,469000.0
5682,248000.0
257,315000.0
12436,320000.0
3720,579000.0
18318,130000.0
20743,260000.0
17940,342000.0
12265,1200000.0
2646,610000.0
8587,281000.0
20726,562500.0
2599,381500.0
7669,725000.0
762,330000.0
9251,425000.0
1640,450000.0
1673,224000.0
17249,613500.0
9475,497000.0
3294,545000.0
6944,482000.0
5024,600000.0
17483,468000.0
14825,160000.0
11235,270000.0
2515,166000.0
4543,221000.0
3053,800000.0
11892,520000.0
1397,408000.0
5658,315000.0
12461,500000.0
10190,276200.0
9307,309000.0
20912,287000.0
11703,1370000.0
6454,595000.0
17762,990000.0
18929,345000.0
10619,332000.0
13796,418000.0
11940,2580000.0
128,822500.0
10504,148226.0
10016,578500.0
9771,567500.0
2390,300000.0
15784,1300000.0
10607,799000.0
1346,450000.0
17796,315000.0
5034,235000.0
21569,270000.0
13022,300000.0
13390,1050000.0
11348,198400.0
7098,330000.0
9705,937500.0
15680,1160000.0
20105,635000.0
2899,311000.0
13582,208950.0
21175,529000.0
1037,380000.0
5940,514000.0
3358,160000.0
2395,280000.0
5192,492450.0
14214,360000.0
12012,589000.0
8186,339950.0
19694,839950.0
2614,279900.0
2861,875000.0
12367,800000.0
13862,620000.0
15252,229000.0
21145,459990.0
3223,299000.0
10230,899000.0
17206,417500.0
17146,429900.0
19864,210000.0
13670,550000.0
15686,250000.0
19606,1150000.0
20034,379900.0
15063,683000.0
1447,180000.0
10715,265000.0
13606,427500.0
12668,252000.0
4648,238000.0
4883,275000.0
10392,420000.0
13057,270000.0
4515,369000.0
11136,380000.0
16499,821000.0
20039,353000.0
4659,409000.0
15780,342000.0
16747,330000.0
5953,510000.0
11243,150000.0
6060,399950.0
5758,705000.0
464,330000.0
18843,229500.0
17357,739000.0
19520,415000.0
20234,1050000.0
17316,460000.0
8141,1250000.0
11455,615000.0
12037,270000.0
7383,879000.0
14112,875000.0
6984,430000.0
15835,322000.0
2251,468000.0
18330,335000.0
7163,280017.0
4108,441000.0
21491,377500.0
9113,250000.0
17110,770000.0
16003,640000.0
9003,259875.0
12331,339900.0
9786,550000.0
9059,255000.0
474,859900.0
13994,539950.0
16306,299000.0
1059,249500.0
4563,599000.0
4610,285000.0
2416,280000.0
7744,725000.0
2744,405000.0
19027,690000.0
1796,580000.0
16872,507500.0
16971,414950.0
3524,222000.0
21540,553000.0
2612,580000.0
3482,207000.0
4726,538000.0
16832,260000.0
12754,452500.0
6532,567500.0
2058,272500.0
7396,269000.0
15132,245000.0
21124,250000.0
19394,205000.0
11682,410000.0
5718,96500.0
14354,490000.0
21050,613500.0
12685,230000.0
18469,330000.0
5373,419000.0
19181,1190000.0
182,589000.0
19764,538000.0
12445,540000.0
10180,225000.0
2100,279000.0
1010,475000.0
6914,540000.0
17922,390000.0
17858,731000.0
20316,375000.0
9404,430000.0
21566,490000.0
1569,284950.0
1067,318000.0
709,530000.0
21416,899000.0
20642,625000.0
15160,612125.0
10659,750000.0
19934,743000.0
15932,276000.0
15781,315000.0
9026,965000.0
21152,630500.0
9167,1270000.0
9724,410000.0
13635,403000.0
1483,250000.0
1378,505000.0
16983,430000.0
421,625000.0
16090,600000.0
17375,525000.0
10453,450000.0
18675,470000.0
9582,325000.0
8583,955990.0
17624,858450.0
8533,332000.0
18698,299900.0
17643,820000.0
16215,710000.0
15752,407500.0
21289,495000.0
896,660000.0
19157,890000.0
14790,330000.0
16673,396000.0
1023,446450.0
9866,371000.0
19611,413800.0
20193,659000.0
1207,392400.0
14784,998000.0
20800,1110000.0
15404,175000.0
13911,870000.0
3235,271000.0
12656,335000.0
4821,415000.0
13888,593777.0
7917,525000.0
20645,939000.0
10992,360000.0
1665,349950.0
15633,599995.0
16998,917000.0
12938,246000.0
15228,265000.0
17435,715000.0
1406,283500.0
12536,442500.0
5543,565000.0
336,559900.0
2425,473000.0
5212,278500.0
3110,850000.0
11732,400000.0
7048,241000.0
5700,530000.0
5231,199999.0
7945,340000.0
7517,579000.0
19389,513000.0
6948,588000.0
4633,316750.0
20384,306500.0
5054,1530000.0
5574,485000.0
20878,1100000.0
18278,259000.0
9541,661000.0
9165,240000.0
11702,489950.0
332,295000.0
14706,730000.0
3857,2200000.0
5305,390000.0
9795,284200.0
394,1120000.0
7150,443500.0
11676,597500.0
2280,429500.0
19225,450000.0
1987,335000.0
8881,150000.0
18325,372000.0
9119,862500.0
1759,531000.0
19216,1150000.0
14456,528000.0
7687,299900.0
9458,645000.0
6577,1350000.0
5236,610000.0
7663,694000.0
21318,329950.0
10716,360000.0
15173,852000.0
11146,220000.0
14447,607000.0
10289,338000.0
8061,1480000.0
11822,319000.0
3074,1130000.0
8207,320000.0
6456,360000.0
6021,263500.0
3458,329500.0
19578,725000.0
5125,300000.0
7930,369950.0
15754,1260000.0
13225,685000.0
15158,619100.0
3268,800000.0
15875,370000.0
2039,340000.0
2232,608000.0
13882,243500.0
8022,210000.0
11080,272000.0
13333,375000.0
9567,277000.0
14788,290000.0
12471,517000.0
10461,262500.0
2045,528000.0
1874,850000.0
7614,339000.0
14832,648000.0
18263,625000.0
3711,240000.0
13649,831500.0
3046,525000.0
9749,416000.0
11987,832500.0
18725,685000.0
9591,273000.0
16171,580000.0
9367,600000.0
15876,442500.0
12254,375000.0
15480,290000.0
15785,385000.0
17098,515000.0
15352,195000.0
3646,370000.0
7227,300000.0
3395,449500.0
3626,566000.0
11668,900000.0
1514,270000.0
5725,250000.0
13758,325000.0
10491,495000.0
8990,552500.0
3191,805000.0
9808,753000.0
20156,525000.0
18646,725000.0
20153,569995.0
4272,242150.0
17401,269000.0
3869,210000.0
32,687500.0
7883,185000.0
4230,780000.0
3144,345000.0
9680,280000.0
5239,370000.0
11848,432000.0
11219,295000.0
10898,360000.0
7816,712500.0
17890,950000.0
4809,675000.0
9258,525000.0
20669,810000.0
9854,450000.0
18979,351000.0
21194,500000.0
21336,495000.0
8593,600000.0
13061,305000.0
20110,923990.0
11081,1300000.0
5770,730000.0
9951,525000.0
6605,549950.0
253,349500.0
11167,477000.0
14077,270000.0
3481,119900.0
11639,190000.0
2753,410000.0
19964,415000.0
676,280000.0
12640,370000.0
10749,207000.0
13653,612000.0
19438,780000.0
14039,2750000.0
21156,734990.0
4833,233000.0
9686,1390000.0
19535,255000.0
5399,520000.0
19263,458000.0
21583,810000.0
8788,715000.0
13981,370000.0
16806,280500.0
958,378000.0
7285,465000.0
10900,460000.0
6381,480000.0
19136,375000.0
8695,780000.0
11019,207100.0
11225,468000.0
21107,695000.0
3698,385000.0
20953,193000.0
7363,375000.0
1452,500000.0
21547,337000.0
12494,485000.0
3951,265000.0
4463,197500.0
6412,795000.0
14958,1430000.0
20478,399000.0
3412,400000.0
4620,399950.0
116,518500.0
7214,258000.0
4346,659950.0
13453,1270000.0
9216,585000.0
6606,575575.0
6064,671300.0
9861,240000.0
6826,428000.0
4249,845000.0
17991,1440000.0
19043,450000.0
14414,980000.0
10503,420000.0
12518,740000.0
13351,234300.0
3183,515000.0
7690,697000.0
11030,506000.0
17862,540000.0
15948,350000.0
8173,260000.0
2236,315000.0
1388,651000.0
20898,436000.0
18171,825000.0
4237,865000.0
20606,779380.0
9828,750000.0
20884,320000.0
14761,655000.0
1489,420000.0
5837,616000.0
4082,262500.0
5659,800000.0
2196,399000.0
19713,600000.0
17818,570000.0
8355,782000.0
20824,616950.0
15510,519000.0
6156,455000.0
19794,710000.0
20207,650880.0
2581,675000.0
19975,295000.0
1779,883000.0
10365,630000.0
18665,746300.0
11450,290000.0
2632,590000.0
4210,525000.0
3506,454200.0
19031,925000.0
1595,390000.0
17048,600000.0
14745,239000.0
4521,320000.0
2261,270000.0
8506,353000.0
6646,350000.0
7420,440000.0
1187,334950.0
2257,390000.0
9040,952000.0
19015,482000.0
17807,370000.0
2398,325000.0
19106,182000.0
14028,805000.0
7977,141800.0
20483,760000.0
13983,160000.0
4975,860000.0
15161,350000.0
3854,347500.0
20584,469995.0
8011,342000.0
20030,498000.0
8940,188000.0
2747,722500.0
6183,738515.0
16491,395000.0
15710,725000.0
6006,925000.0
19639,369950.0
8210,364950.0
12791,400000.0
6494,755000.0
18477,672600.0
10021,649950.0
3315,445000.0
7672,639500.0
7415,250000.0
13329,385000.0
1786,256000.0
5409,290000.0
11473,855000.0
14064,714000.0
1401,658588.0
18886,325500.0
2674,820000.0
19600,185000.0
20170,535000.0
2520,356500.0
7921,203000.0
5393,760000.0
15530,459000.0
2710,405000.0
16724,146300.0
18226,712000.0
5856,295000.0
6320,415000.0
9836,304000.0
20988,409316.0
13476,620000.0
1096,453500.0
21588,429000.0
273,236000.0
4921,820000.0
1897,330000.0
20990,415000.0
20810,530000.0
15365,344500.0
17496,220000.0
19260,721000.0
8545,293550.0
21305,1350000.0
6290,535000.0
20722,1140000.0
6829,190000.0
5968,724800.0
4087,937500.0
16198,190000.0
2437,349950.0
2959,464000.0
8639,692000.0
2502,475000.0
18644,618000.0
11302,383000.0
10421,449500.0
55,885000.0
7316,435000.0
14843,327000.0
8333,235000.0
5449,890000.0
8777,287000.0
716,405500.0
17919,213000.0
18527,580000.0
5330,270000.0
16125,290000.0
1309,225000.0
7121,630000.0
2366,575000.0
4814,895000.0
11823,635000.0
13183,1700000.0
10214,457500.0
1885,410500.0
11361,825000.0
6192,219000.0
13012,309950.0
1589,475000.0
15212,678700.0
9136,487500.0
1204,479000.0
15979,762450.0
9539,417000.0
2576,1240000.0
11185,344950.0
140,665000.0
19625,419950.0
13118,339950.0
2923,699000.0
18207,270000.0
10195,466000.0
21208,610000.0
20060,329900.0
11312,314950.0
15904,960000.0
18387,825000.0
3616,525000.0
15981,564000.0
16708,340000.0
20740,249000.0
10186,505000.0
12663,627500.0
19932,859990.0
15270,550000.0
14785,725000.0
21135,265050.0
6097,464950.0
17694,349950.0
21468,850000.0
14800,545000.0
4613,405000.0
12963,469950.0
20802,1250000.0
7065,360000.0
13414,520000.0
10575,650000.0
5207,195000.0
9317,720000.0
15117,135000.0
6777,2250000.0
3937,450000.0
20540,350000.0
19040,1230000.0
3645,938000.0
21354,331000.0
14572,325000.0
18159,535000.0
11384,299880.0
3657,440000.0
11847,410500.0
8427,302100.0
8370,404500.0
10555,360000.0
14991,625000.0
19188,727500.0
2287,354950.0
1273,363000.0
7552,535000.0
12234,490000.0
14635,295000.0
21254,389950.0
14241,1950000.0
15214,715000.0
15552,745000.0
10792,976000.0
5990,255000.0
11721,295000.0
17480,959750.0
5636,212000.0
17708,241000.0
13802,168000.0
18496,1650000.0
20788,419900.0
17497,631500.0
17788,508450.0
6126,700000.0
8195,389500.0
20282,289950.0
16195,375000.0
20960,705000.0
7082,281500.0
1581,1180000.0
19836,330000.0
2579,695000.0
19947,801000.0
4132,700000.0
20948,533380.0
16187,447000.0
3164,700000.0
1246,449000.0
214,477000.0
10456,359000.0
18697,306000.0
10735,194000.0
3666,158000.0
16250,315000.0
1507,399000.0
2452,381000.0
18126,511100.0
8104,435000.0
2937,335000.0
19648,275000.0
436,722500.0
15561,294000.0
17489,241500.0
16312,261350.0
4742,260000.0
11277,498000.0
2088,502000.0
3326,240000.0
17037,190000.0
1094,435000.0
4664,414000.0
17732,427000.0
7103,240000.0
15022,200000.0
21215,452000.0
19086,570000.0
19103,353000.0
337,791500.0
7928,535000.0
19709,1380000.0
11238,635000.0
6237,1050000.0
7516,239000.0
5169,290256.0
8389,460000.0
10625,995000.0
10570,730000.0
89,335000.0
10393,965000.0
8730,305100.0
8602,645000.0
1857,685000.0
7919,279950.0
20969,300000.0
4399,235000.0
10710,500000.0
1632,415000.0
3622,436500.0
21189,590000.0
6817,1430000.0
8833,580000.0
1089,837700.0
11184,209000.0
1118,552500.0
8617,425000.0
19395,620000.0
10048,510000.0
9740,780000.0
7402,340000.0
15116,725126.0
5172,630000.0
16487,335000.0
19604,850000.0
1249,276900.0
13738,464000.0
1499,206135.0
5403,294700.0
2499,560000.0
12975,231500.0
8121,447000.0
1934,335000.0
20623,560000.0
9889,963990.0
8665,396675.0
12529,550000.0
20614,255900.0
14169,205000.0
7156,482500.0
16099,507000.0
11835,494500.0
11716,995000.0
2134,1740000.0
3593,350000.0
8817,275000.0
15495,269500.0
16700,85000.0
17774,390000.0
20926,375000.0
11596,835000.0
19668,2210000.0
8205,453000.0
17123,1780000.0
10597,375000.0
2970,435000.0
16590,250000.0
4354,660000.0
19139,650000.0
10930,475000.0
1942,1720000.0
13558,682000.0
9421,355000.0
15017,735000.0
8681,404000.0
2402,655000.0
11009,315000.0
4852,147500.0
9825,575000.0
3667,590000.0
14384,700000.0
3538,690000.0
3642,267000.0
3640,600000.0
20244,338800.0
4001,395000.0
17738,799000.0
225,390000.0
12851,319950.0
3639,712500.0
20875,460000.0
597,595000.0
12195,687500.0
11234,300000.0
12807,598780.0
13264,384200.0
15999,1190000.0
19441,342000.0
515,300000.0
8476,343000.0
10699,335000.0
13010,182700.0
10075,475000.0
11067,774000.0
6074,600000.0
12113,479000.0
7683,415000.0
14726,712000.0
6488,405000.0
10973,730000.0
10848,250000.0
10566,759950.0
3250,439000.0
5265,620000.0
15250,675000.0
2274,288350.0
5223,835000.0
10011,200000.0
8745,1180000.0
6541,530000.0
19010,400000.0
17215,299000.0
481,328500.0
4428,396000.0
60,650000.0
5548,569000.0
7081,240000.0
15376,524950.0
4198,654000.0
4129,523000.0
5358,307000.0
17667,825000.0
355,375000.0
19822,379900.0
5114,310000.0
16642,324900.0
8220,722800.0
17081,1480000.0
14044,365000.0
5751,235000.0
10541,370000.0
6590,715000.0
1694,440000.0
21035,397500.0
4964,330000.0
11381,213400.0
2988,765000.0
908,435000.0
3660,1290000.0
19352,299000.0
15060,759000.0
8144,635000.0
9675,1140000.0
21166,279950.0
12889,374950.0
15690,322000.0
2689,349950.0
15061,690000.0
1456,672500.0
14968,585000.0
685,802541.0
16734,418000.0
12981,749000.0
19800,962000.0
10971,178000.0
10769,711600.0
6757,780000.0
7587,395000.0
5728,550000.0
20084,307000.0
855,370500.0
15409,279000.0
8638,929950.0
202,470000.0
13517,229999.0
20101,424950.0
14965,724950.0
8246,267500.0
9935,563500.0
12086,218000.0
3062,490000.0
16110,1930000.0
20780,272000.0
5296,350000.0
928,390000.0
17765,900000.0
18214,250000.0
4360,318000.0
18349,622500.0
2442,3280000.0
1510,413000.0
11934,469500.0
2355,305000.0
13668,295000.0
5334,350000.0
4333,622000.0
7836,550000.0
8844,560000.0
16980,350000.0
12641,450000.0
1127,272000.0
15227,1150000.0
12127,471000.0
7099,284000.0
2633,257500.0
9505,380000.0
13254,1800000.0
17681,250000.0
16869,264950.0
12021,1260000.0
14664,168500.0
15872,500000.0
17234,650000.0
3635,200000.0
7023,415000.0
13889,539500.0
5774,265000.0
15287,314000.0
16749,829000.0
16994,370000.0
2122,800000.0
6358,582500.0
15029,267000.0
16953,465000.0
6120,589950.0
14535,260000.0
17814,623000.0
14253,400000.0
8171,275000.0
16115,780500.0
2809,963990.0
6522,565000.0
15343,476000.0
19018,720000.0
9232,480000.0
16881,315000.0
2165,306000.0
10863,475000.0
13935,790000.0
3374,144975.0
16711,280000.0
6774,292000.0
20641,379900.0
6312,250000.0
11943,850000.0
14810,379950.0
9996,950000.0
10062,499000.0
1260,530000.0
14929,510000.0
18100,645000.0
18080,315000.0
6936,565000.0
3483,195000.0
13932,975000.0
9060,565000.0
13184,658500.0
3768,220000.0
1331,430000.0
12965,787500.0
14525,415000.0
5325,285000.0
12157,400000.0
21041,989990.0
13024,435000.0
17593,407193.0
3361,418000.0
16124,450000.0
6262,273000.0
5714,555000.0
17815,477000.0
10038,439000.0
18066,380000.0
3610,464000.0
17456,1560000.0
3849,1080000.0
15581,383900.0
6501,941000.0
9822,670000.0
1594,327500.0
10829,265000.0
15874,899950.0
6561,280000.0
10687,705000.0
14240,615000.0
12962,248500.0
2334,328000.0
12713,485000.0
8998,350000.0
5713,1100000.0
4770,275000.0
9893,290000.0
10337,1200000.0
6133,425000.0
8915,449000.0
3780,440000.0
13579,230000.0
12270,481015.0
14777,713414.0
5549,735000.0
9815,306000.0
8441,525000.0
12950,250000.0
4506,535000.0
20441,950000.0
7070,1650000.0
3629,406500.0
9543,788000.0
14309,480000.0
17494,1220000.0
12995,270000.0
12232,650000.0
13321,529950.0
15196,336600.0
16691,763000.0
2864,425000.0
5385,575000.0
4326,330000.0
17338,335000.0
19680,349500.0
10999,850000.0
15873,865000.0
15414,319000.0
1306,375000.0
6537,557500.0
13345,690000.0
15021,229000.0
18550,260000.0
281,170000.0
8930,725000.0
11559,400000.0
2171,270000.0
6441,550000.0
4508,312000.0
19126,266490.0
7834,323000.0
2655,840000.0
8632,312000.0
15018,537000.0
7051,647000.0
4779,745000.0
7451,1300000.0
18958,560000.0
17023,269950.0
16036,399000.0
11203,1230000.0
21293,669000.0
12578,677915.0
7753,174000.0
3119,765000.0
5907,415000.0
18379,325000.0
8925,399950.0
9325,245500.0
9020,349950.0
19556,373000.0
18596,299500.0
11816,330000.0
18758,322500.0
8904,370000.0
8805,350000.0
14944,790100.0
5355,445000.0
13405,1140000.0
6459,1290000.0
14052,550120.0
17057,469000.0
2713,326500.0
20438,482500.0
263,425000.0
15549,750000.0
20914,490000.0
11337,490000.0
21114,486940.0
2876,249000.0
7805,280000.0
11891,280500.0
13779,191000.0
15788,449000.0
18924,90000.0
16321,1350000.0
10013,455000.0
1811,450000.0
12636,2540000.0
16178,290000.0
19684,425000.0
12325,749950.0
16259,185000.0
12260,432500.0
15774,572000.0
20959,888990.0
7571,1700000.0
19793,932990.0
2354,618000.0
20671,386380.0
10652,452500.0
18961,579000.0
17143,280000.0
20013,555000.0
6750,277000.0
6252,668000.0
15986,325000.0
3066,365000.0
16639,245000.0
11973,437000.0
6637,639500.0
104,290000.0
14383,725000.0
6702,455000.0
6302,751750.0
21456,402000.0
9639,359950.0
6768,480000.0
9637,430000.0
7535,1050000.0
12235,225000.0
18819,310000.0
16856,725000.0
7926,2900000.0
2353,1190000.0
12846,430000.0
5800,535000.0
19327,465000.0
5101,422500.0
6929,390000.0
14142,538250.0
3618,218450.0
21236,272000.0
19175,935000.0
4858,325000.0
18181,605000.0
7666,765000.0
58,951000.0
6667,215000.0
8180,665000.0
18554,365650.0
17662,500000.0
9009,580000.0
7416,935100.0
11052,314500.0
13666,431000.0
17111,224400.0
12659,410000.0
7918,537000.0
14778,245000.0
17679,295000.0
6643,750000.0
390,345000.0
18370,319000.0
16091,587000.0
15144,1950000.0
18597,460000.0
4195,875000.0
6202,792000.0
5350,766950.0
4367,499950.0
7762,855000.0
21230,499990.0
7708,250000.0
20716,603000.0
20870,457000.0
9957,280000.0
2722,390000.0
11327,442500.0
3142,580000.0
7347,279900.0
3253,1210000.0
19345,608000.0
4588,851000.0
15475,680000.0
12135,305000.0
5087,823000.0
4013,760750.0
6499,250800.0
9172,698000.0
12060,605000.0
12151,310000.0
17621,230000.0
15765,259500.0
11431,630000.0
16715,1360000.0
3947,550000.0
482,849950.0
6899,465000.0
6264,530000.0
19116,163000.0
9293,560000.0
17855,335000.0
11294,402300.0
6023,575000.0
6098,320000.0
8212,688000.0
18249,475000.0
14960,217000.0
11899,900000.0
2391,449950.0
13759,289000.0
15459,619850.0
10850,213950.0
3815,475000.0
18241,330000.0
4734,233500.0
7079,289000.0
18111,292000.0
19444,279950.0
10611,925000.0
16172,475000.0
3,604000.0
2108,490000.0
7544,300000.0
8684,557800.0
11775,1280000.0
16442,470000.0
18140,725000.0
20680,554000.0
11605,275000.0
15446,405000.0
13077,452000.0
20146,370228.0
5208,368000.0
18280,518000.0
11834,289000.0
4192,581000.0
20938,492000.0
10740,200000.0
4056,465000.0
3336,265000.0
9716,669000.0
12585,313999.0
43,685000.0
20616,580000.0
9457,600000.0
4116,661000.0
17550,600000.0
823,287500.0
15464,330000.0
12352,1120000.0
8685,571000.0
5676,725000.0
8416,245000.0
15602,797000.0
16564,249000.0
21144,415000.0
6148,610000.0
14653,460000.0
7185,260000.0
9319,334950.0
12709,325000.0
3480,568000.0
9681,260750.0
6353,670000.0
13998,450000.0
47,785000.0
21411,436952.0
12806,235000.0
14114,868500.0
8379,408000.0
16923,240000.0
19806,388000.0
12480,475000.0
14471,415000.0
15239,684680.0
9431,546940.0
18911,640000.0
12077,257000.0
11441,354000.0
9362,215000.0
13603,384205.0
20463,290000.0
8953,750000.0
2706,610000.0
12883,312000.0
19795,949990.0
12212,265500.0
11177,591000.0
5716,289950.0
10686,420000.0
20429,366750.0
13367,348000.0
20279,3200000.0
2410,810000.0
20369,342000.0
8618,665000.0
9473,165000.0
4671,758000.0
19369,133400.0
19627,650000.0
10096,255000.0
732,403000.0
848,512000.0
2831,450000.0
7782,245000.0
1892,1580000.0
8050,550000.0
19646,405000.0
15292,358000.0
10472,405000.0
1789,686000.0
18987,385000.0
20759,660000.0
17673,479000.0
3121,524000.0
12475,585000.0
18331,280000.0
11024,494950.0
15080,485000.0
12343,305000.0
4077,905000.0
4969,825000.0
665,331000.0
11236,575000.0
21026,255000.0
9572,165000.0
18166,542500.0
8252,329000.0
8232,220000.0
13710,440000.0
10853,310000.0
17007,173250.0
7936,280000.0
12364,357000.0
14752,390000.0
2215,564500.0
17484,710000.0
6159,382000.0
13446,611000.0
18396,630000.0
16960,580000.0
17040,314000.0
4270,858000.0
20547,1240000.0
11647,530000.0
1486,514000.0
4305,535000.0
12142,700000.0
17259,305000.0
19829,484950.0
15836,205000.0
11743,250000.0
17953,525000.0
3712,360000.0
4724,248500.0
2615,210000.0
2417,580000.0
14061,562100.0
18832,265000.0
7343,775000.0
12069,597000.0
17475,339900.0
12328,190000.0
20162,551000.0
14721,299000.0
472,1200000.0
7580,548000.0
9722,255000.0
18371,390000.0
9559,300000.0
21220,288790.0
3647,335000.0
7931,545000.0
21482,610000.0
6741,432000.0
16046,270000.0
16737,208000.0
17008,414050.0
2199,585000.0
20729,478000.0
689,396000.0
1203,525000.0
10892,110700.0
2974,430000.0
18900,185000.0
16804,607500.0
15225,340000.0
17168,240000.0
443,350000.0
10704,392000.0
20045,700000.0
15615,292000.0
16667,430000.0
10030,330000.0
2728,649000.0
14466,349990.0
7726,340000.0
7476,359000.0
21181,477000.0
4105,198500.0
7000,225000.0
4880,250000.0
21509,1450000.0
5270,288000.0
16640,355500.0
19610,880000.0
324,232000.0
12057,404500.0
11980,738000.0
5224,760000.0
19112,791000.0
1473,515000.0
3354,490000.0
19049,495000.0
3028,565000.0
17650,315000.0
14704,424000.0
19454,305000.0
13552,635000.0
13318,435010.0
18570,530000.0
16924,240000.0
16848,1200000.0
2804,401000.0
6846,195000.0
7164,436500.0
302,576000.0
21593,400000.0
20650,914154.0
17739,160000.0
11465,497000.0
10958,868000.0
21419,494995.0
937,253000.0
19177,328000.0
12490,705000.0
13814,339100.0
20859,639983.0
15380,635000.0
2073,1200000.0
1771,305000.0
13544,311000.0
15432,290000.0
13752,216000.0
1007,540000.0
1945,930000.0
17686,364900.0
16233,255000.0
642,595000.0
3130,990000.0
4294,1190000.0
18776,1700000.0
17797,206000.0
1194,357000.0
8829,1410000.0
11742,391000.0
607,443500.0
20471,920000.0
11913,559500.0
18606,559950.0
14210,517500.0
6284,550000.0
14033,240000.0
10463,290000.0
16687,637000.0
15474,560000.0
8646,760000.0
21542,747450.0
17476,275000.0
16223,216500.0
5512,309000.0
10979,349000.0
882,720000.0
3464,535000.0
17917,552000.0
6553,410000.0
13209,243800.0
1390,325000.0
11168,750000.0
15213,603000.0
7540,165000.0
18803,555000.0
15906,239000.0
7901,329000.0
760,565000.0
16391,330000.0
18862,232603.0
10764,998000.0
8702,348000.0
463,359500.0
12419,595000.0
3453,508500.0
11819,400000.0
5220,299000.0
19252,495000.0
3760,367777.0
20801,415000.0
14151,368000.0
14487,171500.0
8406,1110000.0
13708,339995.0
13810,540000.0
1184,235000.0
9023,225000.0
14263,428000.0
9082,883000.0
1283,270000.0
7044,225000.0
12282,345000.0
4365,1150000.0
16836,465000.0
9441,300000.0
9781,216500.0
42,861990.0
12964,525000.0
5440,270000.0
20405,920000.0
19173,345600.0
11758,1850000.0
19549,323000.0
6423,330000.0
2115,339900.0
1159,1750000.0
6282,275000.0
10033,585000.0
15532,295000.0
19585,235000.0
19142,435500.0
17052,132825.0
10831,590000.0
1398,292000.0
7379,450000.0
8988,790000.0
2683,312000.0
19123,276000.0
2820,459950.0
8798,1050000.0
18275,405000.0
10309,365000.0
16060,1220000.0
91,1100000.0
15204,645000.0
36,550000.0
8911,214000.0
8129,1510000.0
12945,690500.0
4702,333000.0
4570,319000.0
13783,220000.0
729,985000.0
2292,260000.0
21498,1870000.0
16656,775000.0
13610,820000.0
13372,740000.0
17802,600000.0
4370,221000.0
5013,702500.0
14887,455000.0
11116,460000.0
15572,625000.0
9033,505500.0
10816,653750.0
6269,485000.0
6650,442500.0
3005,524000.0
20051,633000.0
20494,560000.0
2081,800000.0
9864,332500.0
5410,798000.0
8474,330000.0
9841,890000.0
6210,335000.0
8454,140000.0
10750,379750.0
4359,1140000.0
3718,775000.0
5914,235000.0
6476,442500.0
20145,995000.0
5395,375000.0
3407,390000.0
7757,407450.0
14532,557500.0
7107,304700.0
18685,788000.0
20985,782900.0
1938,240000.0
2307,993000.0
4622,1160000.0
3171,410000.0
13805,549000.0
4455,390000.0
8468,563000.0
672,664000.0
16120,323000.0
13873,575000.0
5474,111300.0
17693,633000.0
5612,2400000.0
12991,490000.0
4582,363750.0
14268,622500.0
11671,500000.0
18307,243950.0
13617,390500.0
13788,320000.0
12946,245560.0
18,189000.0
11726,700000.0
21434,749950.0
4078,382450.0
7411,339950.0
6110,704111.0
6830,1000000.0
17597,337000.0
15438,254500.0
13741,358000.0
15345,287000.0
11690,250000.0
13982,190000.0
12467,800000.0
668,290000.0
5552,465425.0
5892,234900.0
18155,791000.0
1371,830000.0
15231,1400000.0
18908,1190000.0
1979,562500.0
5673,575000.0
21033,549950.0
9610,390000.0
15455,335000.0
17527,768000.0
14103,675000.0
3841,615000.0
17128,1300000.0
9912,775000.0
1485,884744.0
12742,429000.0
20756,563500.0
221,279950.0
18230,464000.0
12305,518000.0
19939,570000.0
1450,352500.0
21435,239950.0
13626,469900.0
14644,320000.0
9814,372000.0
1807,415000.0
4804,567000.0
12275,1650000.0
10580,373000.0
20439,820000.0
13574,260000.0
5187,650000.0
20006,459000.0
4327,480000.0
7829,299950.0
11841,500000.0
15319,497500.0
18304,579950.0
16556,340000.0
4558,477000.0
1229,360000.0
5418,665000.0
18876,391265.0
921,255000.0
18974,370000.0
18453,83000.0
20787,536000.0
6942,319990.0
1908,400000.0
10814,458000.0
12098,222000.0
4162,628000.0
10627,400000.0
5970,509007.0
4621,419000.0
398,378750.0
3339,626000.0
8860,843500.0
15516,575000.0
4750,405000.0
1068,505000.0
20958,950000.0
13604,180000.0
2543,465000.0
871,469950.0
8327,358000.0
4098,269950.0
4422,1340000.0
6070,237000.0
13550,715000.0
12979,467100.0
21243,440000.0
15971,447000.0
18117,475000.0
14732,446000.0
7116,519900.0
6514,760000.0
10644,304500.0
4759,310000.0
16370,250000.0
141,527700.0
10432,400000.0
6299,430000.0
9900,400000.0
14655,935000.0
18346,337000.0
14543,350000.0
2146,670950.0
5211,250000.0
5483,985000.0
1500,300000.0
3928,239000.0
1424,350000.0
2863,450000.0
286,467000.0
13179,470000.0
8935,235000.0
13017,320000.0
3959,502000.0
530,270500.0
4574,640000.0
5120,540000.0
16529,293000.0
14270,105000.0
12939,440000.0
2472,858000.0
15643,475000.0
5546,600000.0
11765,260000.0
19227,435000.0
5791,699950.0
19633,1260000.0
14699,998000.0
4479,702000.0
11263,514000.0
10142,985000.0
11328,1080000.0
4922,369000.0
6529,775000.0
14155,275000.0
7249,659500.0
11631,491000.0
20932,605000.0
2497,195000.0
17949,437000.0
14881,251000.0
3527,495800.0
10068,965000.0
20827,925000.0
3051,716000.0
8096,163250.0
8478,945000.0
18035,314000.0
12886,315000.0
11432,340000.0
4948,278000.0
8760,235000.0
1772,210000.0
12701,460000.0
2962,999000.0
13722,1020000.0
492,232000.0
18146,262500.0
7871,205000.0
10146,900000.0
17426,337000.0
11915,1130000.0
15142,169000.0
4106,350000.0
5665,689000.0
3505,535000.0
15100,299000.0
5772,225000.0
14793,410000.0
5408,215000.0
12977,545000.0
1000,270000.0
13648,785000.0
15108,745000.0
6378,437000.0
16435,822600.0
18506,680000.0
6469,760000.0
17785,287500.0
6945,452000.0
12262,480000.0
4068,445000.0
16879,125000.0
21284,453000.0
20806,780000.0
8742,437500.0
7425,2580000.0
9989,458400.0
21527,459000.0
12132,299000.0
16019,541500.0
757,1310000.0
18421,230000.0
7865,942000.0
4571,362300.0
4591,390000.0
18762,424000.0
8190,500000.0
3710,640000.0
16654,808000.0
3189,537000.0
15746,182200.0
16547,185000.0
6364,215000.0
15416,1310000.0
1098,151000.0
7929,520000.0
8343,330000.0
17585,220000.0
16756,770000.0
14890,561000.0
19215,252500.0
12459,433500.0
19895,515000.0
11684,245000.0
20809,369946.0
15303,147000.0
6988,385000.0
1497,720000.0
3608,322500.0
11872,309500.0
8193,170000.0
16137,239950.0
9860,483000.0
2539,552500.0
13040,445500.0
3338,865000.0
17678,710000.0
16142,445000.0
14288,355000.0
10874,390000.0
7810,160000.0
20309,3000000.0
7198,630000.0
5948,725995.0
3888,695500.0
5812,775000.0
15339,780000.0
10285,166000.0
17898,401000.0
9004,685000.0
15637,910000.0
951,460500.0
1120,239000.0
9274,305000.0
8297,256500.0
11842,255000.0
16013,301950.0
2805,522000.0
10407,242500.0
13616,445000.0
1414,241000.0
4568,549900.0
11230,269950.0
19705,690000.0
13029,570000.0
2319,739500.0
4517,407000.0
4267,394900.0
10247,415000.0
16574,1300000.0
8520,215000.0
12450,815000.0
16339,201000.0
7128,1430000.0
7664,620000.0
16726,424000.0
18955,577000.0
12850,215150.0
7817,490000.0
2211,398000.0
2508,155000.0
2905,760000.0
5998,725000.0
10137,333500.0
7964,350000.0
7469,1030000.0
5951,731000.0
9263,465000.0
14245,760000.0
5237,397450.0
2790,828000.0
3398,309950.0
10373,695000.0
5888,295000.0
1436,907000.0
5624,350000.0
12256,350000.0
12853,280000.0
2858,929000.0
10665,300000.0
3567,277950.0
2741,388000.0
21507,579950.0
4136,1210000.0
13681,386500.0
171,272000.0
18895,734200.0
12712,340000.0
17175,993500.0
10015,808000.0
3997,645000.0
8197,269950.0
17869,379000.0
15423,990000.0
7391,695000.0
574,263500.0
3816,445000.0
10759,600000.0
17799,744000.0
5845,900000.0
9061,274000.0
15521,1050000.0
3846,265000.0
138,382500.0
14883,300000.0
11749,695000.0
9655,1090000.0
8074,280400.0
5178,220000.0
10370,490000.0
19557,541338.0
11169,595000.0
9235,931088.0
2967,855000.0
12744,425000.0
16202,315000.0
6519,393000.0
3781,149000.0
7988,259900.0
13621,353500.0
21235,505000.0
6876,272000.0
9517,282613.0
4276,450000.0
9927,352000.0
8309,725000.0
4337,242000.0
3404,1570000.0
3851,203000.0
1451,235867.0
12449,287500.0
11250,245700.0
3229,475000.0
11706,410000.0
11276,539000.0
8401,699000.0
6143,226000.0
3554,461000.0
7548,320000.0
9895,192500.0
11074,315000.0
2608,379000.0
17990,1320000.0
6059,525000.0
21565,625000.0
16042,367500.0
7591,539950.0
5748,387000.0
16459,269000.0
12597,1300000.0
17974,310000.0
2591,337500.0
11251,951000.0
8530,1210000.0
20200,1030000.0
8567,448000.0
2807,503000.0
2166,345000.0
12917,317000.0
17822,245000.0
15153,230000.0
3590,495000.0
21531,327000.0
5104,310000.0
16783,540000.0
15267,339999.0
6690,385000.0
17079,640000.0
8947,350000.0
9016,710800.0
7158,835000.0
9721,256000.0
17213,300000.0
16570,455000.0
19253,504500.0
12665,335000.0
17522,179900.0
11210,450000.0
20983,353500.0
8472,808100.0
17718,565000.0
20294,390000.0
17171,300000.0
7769,403500.0
738,1300000.0
2784,669000.0
6911,546000.0
3237,210000.0
14200,403000.0
16023,660000.0
14322,329950.0
14469,785000.0
10572,1060000.0
12976,300000.0
7,291850.0
5490,426500.0
17595,535000.0
10235,382500.0
5170,279950.0
4936,635000.0
19565,340768.0
18281,425000.0
16965,415000.0
17431,750000.0
17490,300000.0
8328,262000.0
14716,524500.0
6925,532000.0
9877,713000.0
18648,535000.0
18029,381500.0
7612,377000.0
14587,194000.0
13737,599950.0
12920,469000.0
16548,445000.0
13526,230000.0
13793,325000.0
1055,379000.0
10889,538000.0
17207,760000.0
18638,465000.0
4332,485000.0
6882,424950.0
19780,509900.0
9156,235750.0
21341,1070000.0
3267,507250.0
15523,402000.0
19217,205000.0
15723,255000.0
11412,950000.0
16332,480000.0
20268,345000.0
11642,415885.0
13919,339950.0
6674,535900.0
14571,984000.0
4694,354000.0
19351,660000.0
9968,342000.0
6363,263300.0
17546,879000.0
19244,168000.0
6135,259000.0
11978,566000.0
2192,265000.0
7157,305000.0
3850,756000.0
21471,579000.0
17038,326188.0
4557,185000.0
13035,870000.0
13030,174950.0
7947,153000.0
14904,989000.0
13277,272450.0
579,180000.0
6115,1450000.0
7764,276000.0
3290,257200.0
13409,379500.0
5060,1090000.0
5085,355000.0
6644,384900.0
2834,1320000.0
4174,790000.0
9729,518000.0
6215,253000.0
11832,770000.0
6125,517500.0
20993,882566.0
13761,610000.0
19672,349000.0
11365,507000.0
9903,1320000.0
4232,710000.0
14852,394500.0
12817,166000.0
14920,245000.0
10776,200000.0
12860,245000.0
5766,842000.0
19104,747500.0
20967,303210.0
1527,810000.0
8324,250000.0
9382,371000.0
10860,175000.0
7796,299500.0
18632,385000.0
19166,500000.0
19434,539000.0
11026,250000.0
8226,437000.0
20286,775950.0
18873,350000.0
21129,749995.0
3106,89950.0
5503,578000.0
13588,150000.0
18046,577000.0
4395,1150000.0
7811,650000.0
18505,695000.0
17798,592500.0
2339,545000.0
10340,465000.0
9554,650000.0
1941,284200.0
11205,1450000.0
17412,775000.0
10515,850000.0
14116,366000.0
9281,490000.0
11525,460000.0
17297,427500.0
3484,324950.0
7426,1600000.0
16150,314000.0
16797,336000.0
1242,880000.0
15353,650000.0
20921,510000.0
1326,1200000.0
12349,367950.0
14594,406000.0
13208,570000.0
739,233000.0
1735,189950.0
21098,1140000.0
7909,443750.0
21076,295000.0
8494,175000.0
372,530000.0
4492,327000.0
17015,275000.0
6405,529000.0
5360,775000.0
8251,787888.0
11776,957000.0
18482,340000.0
11591,820000.0
8409,225800.0
14683,690000.0
18009,980000.0
3143,181100.0
13594,495000.0
14371,476000.0
4000,282500.0
11270,270000.0
10277,583000.0
8607,540500.0
1198,254000.0
19161,534000.0
13605,310000.0
17627,507000.0
9403,270000.0
15693,480000.0
12308,290000.0
475,520000.0
5976,560000.0
10378,750000.0
20272,436472.0
17515,340000.0
14333,660000.0
299,267500.0
4725,379600.0
15997,392500.0
13957,600000.0
15829,518000.0
21092,520000.0
1142,687500.0
3370,700000.0
17025,670500.0
15401,1650000.0
6214,535000.0
20057,650000.0
4784,716100.0
7847,1000000.0
16589,225000.0
11520,610000.0
18909,716125.0
6131,325000.0
21442,504600.0
15256,457000.0
6665,870000.0
11522,192500.0
7032,667000.0
19861,427874.0
7946,920000.0
20933,379950.0
930,545000.0
2368,719000.0
17302,578550.0
19137,600600.0
8732,810000.0
19357,244000.0
19923,325000.0
266,285000.0
16725,554000.0
12213,1460000.0
20951,812000.0
1709,187500.0
11692,490000.0
3023,367000.0
10774,350000.0
235,1030000.0
3099,190000.0
9728,1650000.0
3873,410000.0
3048,517000.0
15424,278226.0
4685,556000.0
11322,700000.0
18376,230000.0
12187,1020000.0
20940,650000.0
18301,329000.0
17548,261590.0
20792,334888.0
16792,150000.0
16240,212000.0
7715,410000.0
12795,432000.0
4238,514000.0
11014,469000.0
9881,420000.0
18700,1160000.0
20672,485000.0
14132,645000.0
10319,500000.0
8473,236000.0
4514,260000.0
5747,565000.0
16785,554000.0
16206,261500.0
2732,700000.0
5188,678500.0
17493,665000.0
21489,1560000.0
11413,277700.0
9668,607500.0
12673,260000.0
10683,545000.0
14348,775000.0
20797,1330000.0
13190,1090000.0
15251,345000.0
19461,278000.0
14497,435000.0
8513,312000.0
5932,515000.0
6918,417500.0
8509,250000.0
5561,530000.0
12675,610000.0
14399,974350.0
10669,795000.0
8110,386000.0
20139,395000.0
12729,135000.0
2147,280950.0
14724,295950.0
9898,563000.0
8809,568000.0
11812,205000.0
18173,273500.0
20920,405000.0
18884,682000.0
9550,453000.0
10817,299000.0
19889,500000.0
16323,475000.0
7923,250000.0
11144,489900.0
17942,1210000.0
16621,705000.0
16989,500000.0
17486,115000.0
14009,380000.0
2033,464900.0
6080,330000.0
503,1200000.0
15187,542000.0
5424,290000.0
14695,383000.0
13541,252000.0
19949,268500.0
15652,500000.0
4316,485000.0
17444,463000.0
3309,296000.0
13475,200000.0
15959,608000.0
6567,366000.0
14495,295000.0
14023,257500.0
4584,268000.0
2893,180000.0
14186,1340000.0
9116,562000.0
19047,324950.0
8019,325000.0
4851,330000.0
19982,377000.0
19938,810000.0
17616,605004.0
15542,439950.0
1051,1050000.0
20123,309000.0
21067,439990.0
12148,601500.0
18708,183500.0
21361,403000.0
14882,667500.0
3194,401000.0
6032,550000.0
14330,362500.0
5589,463000.0
16331,670000.0
19431,1900000.0
9548,400000.0
10972,262500.0
9767,289275.0
10813,515700.0
5097,490000.0
17132,590000.0
16608,675000.0
2844,593500.0
14139,662500.0
13273,744000.0
135,199000.0
13487,372000.0
20022,455000.0
10666,269100.0
8652,255000.0
13296,335000.0
12314,925900.0
14166,525000.0
13263,905000.0
17759,546000.0
14332,321500.0
6172,769000.0
8671,690000.0
11569,422000.0
19564,794154.0
18321,475000.0
14747,537000.0
3836,173000.0
4614,291700.0
16576,568500.0
14244,295000.0
1639,835100.0
19760,408000.0
3085,280000.0
21487,735000.0
3386,895000.0
6852,270000.0
501,475000.0
12915,305240.0
997,189950.0
4122,480000.0
16867,353500.0
14850,575000.0
10119,285000.0
13436,495000.0
9551,235000.0
2023,719950.0
21398,557500.0
9180,139000.0
2312,1400000.0
13472,470000.0
11497,156000.0
14939,1500000.0
6761,319000.0
13229,559000.0
15226,370000.0
7735,305000.0
4498,618000.0
7539,317000.0
4872,849000.0
13295,340000.0
6728,380000.0
20068,809950.0
19462,351000.0
17311,739000.0
5926,377500.0
19676,325000.0
16307,420000.0
10128,800000.0
13962,420000.0
3331,340000.0
2649,980000.0
11759,545000.0
18997,736000.0
11191,471000.0
17235,640000.0
15296,622500.0
10618,338000.0
6896,250000.0
13773,549000.0
20567,749000.0
21483,850000.0
8289,340000.0
11511,625000.0
5134,700000.0
6440,474905.0
17042,550000.0
10615,892500.0
3016,485000.0
6048,150000.0
6879,400000.0
15364,382500.0
9191,250000.0
622,200000.0
19629,425000.0
15070,370000.0
14603,310000.0
17849,675000.0
4923,1050000.0
12493,485000.0
10229,485000.0
2250,340000.0
17167,400000.0
18728,489000.0
6704,549900.0
13502,215000.0
19266,781500.0
13181,245000.0
5635,480000.0
6352,317500.0
21475,484000.0
6827,515055.0
10024,689000.0
2730,699900.0
13797,415000.0
10223,440000.0
2645,560000.0
7887,204750.0
5645,672500.0
17059,390000.0
765,560000.0
423,380000.0
20386,437000.0
18034,548050.0
8657,975000.0
7684,320000.0
15002,325000.0
9899,375000.0
8801,604000.0
2593,399500.0
18283,549900.0
18384,392500.0
12828,349000.0
11062,499990.0
4561,530000.0
20770,411000.0
2870,293000.0
2156,665000.0
14295,1800000.0
11152,620000.0
19090,463000.0
4049,400000.0
17817,600000.0
21023,459000.0
3228,965000.0
14715,620000.0
17551,417500.0
3272,153503.0
5684,1000000.0
4169,1190000.0
17216,1880000.0
294,550000.0
5850,200000.0
1373,320000.0
9187,279950.0
18404,265000.0
7042,328000.0
14710,350000.0
73,360000.0
6891,161700.0
422,538000.0
9131,305000.0
2159,332000.0
2092,248000.0
13975,1230000.0
8395,248000.0
13974,535000.0
15878,1570000.0
9876,530000.0
2619,490000.0
4679,610000.0
15421,500000.0
11552,350000.0
19421,580000.0
16660,645000.0
16966,401000.0
6623,187000.0
10126,340000.0
15775,650000.0
16766,327000.0
8983,590000.0
9838,450000.0
7734,530000.0
3596,248000.0
7585,449000.0
10027,375000.0
12862,310000.0
14152,228950.0
7209,605000.0
13000,285000.0
2388,371000.0
3293,282000.0
10108,280000.0
9122,250000.0
8431,374900.0
4705,575000.0
4221,390000.0
14013,255000.0
18500,564000.0
8562,726500.0
6649,580000.0
20744,765000.0
15041,1080000.0
1105,1130000.0
15437,526000.0
3970,450000.0
9017,565000.0
20252,611000.0
12172,429000.0
2941,325000.0
16367,641500.0
11572,359900.0
2126,235000.0
4680,413500.0
5916,1200000.0
17907,427500.0
13714,472000.0
8774,880000.0
207,425000.0
6463,260000.0
5535,538000.0
21291,331000.0
15538,125000.0
14290,397000.0
7827,575000.0
17391,390000.0
8170,1000000.0
2783,401000.0
3676,135000.0
17843,295000.0
15842,539000.0
13076,365000.0
5164,240000.0
19702,495000.0
1798,206000.0
15844,510250.0
20319,405000.0
8981,555000.0
720,289950.0
1036,415000.0
13292,270000.0
13048,496600.0
15304,334000.0
2881,525000.0
17519,220000.0
14971,635000.0
14751,780000.0
5616,110000.0
18422,690000.0
17794,455000.0
7218,259950.0
12907,329932.0
1061,790000.0
11389,920000.0
9683,255000.0
19275,447000.0
9511,550000.0
4362,453000.0
12703,455000.0
10466,292000.0
4513,360000.0
9595,385000.0
10265,728725.0
18851,1300000.0
15825,500000.0
19231,440000.0
8937,230000.0
18061,1700000.0
6435,165000.0
9179,144000.0
11694,265000.0
2182,333000.0
14004,580000.0
102,699950.0
13272,600000.0
14772,255000.0
11362,495000.0
17199,197000.0
2852,856000.0
17046,700000.0
18598,515000.0
10637,435000.0
14584,770000.0
21265,448000.0
11560,1450000.0
11456,268000.0
4183,400800.0
2837,280000.0
407,278500.0
1729,337000.0
16633,305000.0
15548,730000.0
7406,294000.0
1534,932800.0
15126,239000.0
18564,160000.0
3733,460000.0
18295,625000.0
21313,375000.0
5823,455000.0
656,3070000.0
846,664000.0
10631,250000.0
8642,249000.0
3471,417000.0
4219,571900.0
51,345000.0
13806,215000.0
4042,267000.0
8084,315000.0
17247,280000.0
8450,350000.0
731,315000.0
1753,545000.0
15506,415000.0
6917,315000.0
14570,410000.0
2887,635000.0
18405,465000.0
748,517500.0
10400,379950.0
4306,600000.0
866,467000.0
15626,259950.0
8167,1630000.0
445,400000.0
7313,525000.0
8623,601150.0
5140,529888.0
7381,350000.0
17569,269500.0
12786,570000.0
13206,713500.0
11176,442250.0
18219,415000.0
13223,248000.0
4581,369950.0
12249,255000.0
14160,286000.0
10622,645000.0
11076,195000.0
1199,472800.0
129,430000.0
17362,836500.0
12732,210000.0
17284,440000.0
4752,934550.0
15420,300000.0
124,770000.0
1294,925000.0
849,254000.0
20291,665000.0
8095,336500.0
8899,998000.0
15719,960000.0
7124,361000.0
5502,540000.0
10702,738000.0
6313,402000.0
17443,330000.0
20197,380000.0
10098,624800.0
12725,287000.0
9414,375000.0
9125,284850.0
7527,622000.0
3064,400000.0
21077,255500.0
5579,272000.0
16475,314500.0
14465,750000.0
9607,655000.0
6752,295000.0
19008,565000.0
18338,246500.0
1409,750000.0
926,420000.0
993,178500.0
14128,225000.0
3133,390000.0
11161,350000.0
2035,369950.0
14722,295000.0
4335,2130000.0
14450,573300.0
7714,249900.0
3876,357000.0
18502,698000.0
9998,160000.0
6546,318400.0
2640,190000.0
3198,710000.0
6770,425000.0
11077,910000.0
21179,445000.0
12078,550000.0
960,385000.0
3281,725000.0
4205,825000.0
10744,589000.0
20069,1060000.0
19540,675000.0
1655,400000.0
7460,272000.0
2235,295450.0
13323,585000.0
5232,375000.0
957,345500.0
20462,540000.0
12581,695000.0
12868,560000.0
16146,365000.0
5921,440000.0
18169,1100000.0
20757,345000.0
4191,470000.0
18129,490000.0
17844,871000.0
14613,260000.0
9501,390000.0
8528,599000.0
4066,979000.0
19180,216500.0
7845,613200.0
6527,225000.0
7171,260000.0
7193,1300000.0
7013,225000.0
21555,608500.0
19477,370000.0
16320,745000.0
14424,269950.0
6708,2650000.0
3059,790000.0
15223,1030000.0
14769,465000.0
9264,200000.0
19488,545000.0
5260,215000.0
4320,459500.0
9324,1340000.0
2916,160000.0
3566,280000.0
20710,635000.0
10051,430000.0
17064,322000.0
12306,259500.0
8397,315000.0
17212,525000.0
12125,815000.0
10883,297262.0
6489,865000.0
1907,325000.0
17126,334999.0
6697,520000.0
18783,575000.0
19962,358000.0
50,228000.0
10630,738000.0
13480,852500.0
8661,195000.0
15084,625000.0
18981,449999.0
4541,530000.0
14517,770000.0
18575,194250.0
14610,438000.0
19505,425000.0
7586,460000.0
19089,615000.0
12728,550000.0
10212,535000.0
18147,660000.0
10414,389000.0
13695,670000.0
13186,835000.0
13646,265000.0
3605,252500.0
605,469000.0
15577,790000.0
7995,379500.0
5005,425000.0
17251,545000.0
10640,295832.0
1833,1530000.0
10549,500000.0
13959,212000.0
3845,359950.0
7356,269000.0
3586,630000.0
13852,225500.0
17701,775000.0
20154,749950.0
1617,245000.0
19661,785000.0
17418,231000.0
6870,435000.0
13846,329900.0
20798,312000.0
10239,395000.0
9350,329950.0
20229,649000.0
6404,315000.0
10770,1050000.0
14946,799000.0
14630,418900.0
11229,403900.0
16561,461000.0
11494,815000.0
16713,279000.0
15771,635000.0
16151,496000.0
2240,525000.0
9103,1360000.0
19207,675000.0
17576,303697.0
15083,475000.0
15403,375000.0
11657,300000.0
12414,710000.0
12546,364000.0
18068,580000.0
16270,850000.0
2925,167000.0
19811,398651.0
1764,487250.0
2848,399950.0
11011,330000.0
16925,262500.0
6853,406100.0
6576,536000.0
12501,445000.0
6629,400000.0
1100,631000.0
12184,486000.0
4634,652500.0
18662,262000.0
14649,630000.0
15245,442500.0
12881,285950.0
759,405600.0
7659,219950.0
2534,661000.0
18083,689000.0
2594,1070000.0
13327,510000.0
3762,575000.0
19966,495000.0
8276,296000.0
11218,725000.0
2892,798000.0
2218,257000.0
21297,627000.0
9635,265000.0
1765,301000.0
18845,680000.0
4090,660000.0
20877,401000.0
18557,299000.0
2120,405000.0
14593,1000000.0
2451,306000.0
5389,411000.0
14791,189000.0
8938,404763.0
8059,450000.0
21063,294570.0
5439,325000.0
13233,293500.0
14167,315000.0
20134,459000.0
6613,515000.0
6419,375000.0
8090,970000.0
15429,564000.0
21575,572000.0
5077,311000.0
9919,275000.0
1265,340000.0
5531,681000.0
15798,294450.0
18013,500000.0
19847,649000.0
16472,249500.0
9225,169100.0
3432,279000.0
9685,865000.0
6573,254000.0
9654,496000.0
8018,323000.0
17893,310000.0
17117,315000.0
8894,650000.0
9598,450000.0
14498,508000.0
14982,269950.0
16101,616950.0
3603,502500.0
6208,1030000.0
20910,630000.0
15943,693000.0
12383,615000.0
8799,1370000.0
7607,419950.0
19365,211000.0
13631,898000.0
6182,675000.0
7498,184000.0
10576,379900.0
6783,310000.0
2127,330000.0
15417,1000000.0
15285,325000.0
14519,325000.0
6587,1250000.0
17466,284000.0
21224,525000.0
10254,635000.0
4152,222000.0
6639,378000.0
21510,290000.0
18438,170500.0
10984,757000.0
19162,735000.0
13082,666570.0
8843,291000.0
3180,440000.0
17758,270000.0
4373,458000.0
15996,540000.0
10810,558000.0
9993,462500.0
10403,209950.0
3723,375000.0
14464,414500.0
16380,300000.0
11806,700000.0
8834,355000.0
3417,465000.0
4388,240000.0
15334,550000.0
8576,365000.0
7495,250000.0
10606,560000.0
3341,2080000.0
5947,705000.0
11950,325000.0
4142,330600.0
10936,170000.0
9565,396500.0
3168,587500.0
5248,582000.0
21259,950000.0
3996,210000.0
1963,375000.0
8802,750000.0
18037,400000.0
1058,425000.0
6754,339888.0
13551,299000.0
18799,855000.0
20465,416000.0
7291,525000.0
6742,175000.0
7850,582000.0
13355,520000.0
4449,470000.0
17261,232000.0
16477,444950.0
20897,299999.0
5577,360000.0
17829,299000.0
21319,403000.0
7196,995000.0
19495,487585.0
3724,422000.0
12453,222900.0
10025,560000.0
13316,248000.0
4263,585000.0
17767,460000.0
1236,659000.0
9204,315000.0
418,355000.0
18178,345000.0
652,325000.0
7199,628000.0
4133,399950.0
198,440000.0
1155,790000.0
2379,282000.0
6043,675000.0
16974,295000.0
10604,472000.0
15593,190000.0
11570,408000.0
13177,325000.0
2269,546800.0
17471,365000.0
11428,848000.0
16730,206000.0
1648,284950.0
13528,785000.0
282,2050000.0
4507,555000.0
14243,375000.0
1873,425000.0
8412,248000.0
6236,574000.0
6877,266000.0
6015,272000.0
17370,297000.0
7720,152000.0
17730,635000.0
8411,1300000.0
1844,805000.0
16569,885000.0
10968,545000.0
7060,499950.0
10237,315000.0
293,580000.0
14943,382000.0
10728,385000.0
6277,675000.0
570,338900.0
18753,2150000.0
3022,453000.0
14990,233000.0
18621,683000.0
20453,664950.0
3169,364000.0
15349,319000.0
4901,395000.0
3902,1420000.0
7367,190000.0
4208,270000.0
14314,425000.0
5868,438000.0
2547,276000.0
19536,481000.0
2056,439900.0
18559,397380.0
2148,585000.0
15671,265000.0
13658,330000.0
9834,818000.0
11868,367999.0
21153,855000.0
12613,314950.0
11809,315000.0
7154,660000.0
15340,572500.0
11536,491234.0
15817,970000.0
10718,450000.0
8699,417200.0
18298,430000.0
6056,240000.0
6954,475000.0
19666,720000.0
16309,575950.0
15484,352900.0
8624,315000.0
12576,469775.0
18348,542000.0
12224,1310000.0
6187,450000.0
3904,490000.0
10868,656000.0
11601,519000.0
20180,860000.0
7776,338000.0
4180,335000.0
6834,320000.0
19642,839704.0
3083,275000.0
14404,390000.0
6721,600000.0
14922,335000.0
12200,375000.0
1352,345000.0
20510,584000.0
21233,494000.0
6921,389800.0
17587,970000.0
1425,470000.0
13702,830000.0
12905,1250000.0
9075,405000.0
1175,585000.0
5167,200500.0
438,438000.0
18779,1000000.0
6510,327000.0
18097,1100000.0
349,387000.0
18232,349500.0
15944,478000.0
12900,310000.0
8153,511000.0
3444,762000.0
8523,350000.0
12961,625000.0
15016,227000.0
12024,365000.0
19198,900000.0
3795,851500.0
20497,530000.0
3090,329500.0
11873,350000.0
3075,203000.0
6138,273000.0
130,212000.0
10998,522000.0
412,632925.0
6211,219950.0
18005,255000.0
4466,355000.0
9763,315000.0
16845,202000.0
8964,340000.0
6356,250000.0
4924,653000.0
18643,440000.0
10732,545000.0
14955,308000.0
12679,470000.0
5803,420200.0
19838,439000.0
3399,115000.0
17246,500000.0
16066,230000.0
12948,383000.0
17531,500000.0
20883,312000.0
11188,700000.0
20699,540000.0
16936,730000.0
5364,315000.0
21079,277950.0
629,480000.0
9843,448175.0
20,385000.0
9792,510000.0
6291,1450000.0
6069,445000.0
9907,605000.0
2583,347500.0
18941,320000.0
6647,168000.0
6566,538900.0
14191,549000.0
4617,800000.0
14927,265000.0
11398,560000.0
6714,301000.0
13948,485000.0
19393,470000.0
16814,605000.0
14115,657500.0
13726,270000.0
6760,350000.0
3953,1020000.0
11363,525000.0
12465,275000.0
14879,401000.0
10650,300000.0
5919,450000.0
14449,930000.0
2060,462000.0
7534,411000.0
7985,90000.0
5592,630000.0
16735,425000.0
12006,1500000.0
21226,452000.0
678,478500.0
20603,955000.0
775,420000.0
2162,250000.0
20012,918000.0
15580,1120000.0
18149,660500.0
8132,760000.0
19397,445000.0
8791,306950.0
9329,217000.0
3543,1020000.0
12634,890000.0
16791,1020000.0
21080,431000.0
3798,225000.0
4645,415900.0
4789,616000.0
6960,640000.0
16738,476000.0
48,450000.0
11586,1200000.0
13147,240000.0
11680,1080000.0
21270,300000.0
8698,590000.0
20945,389700.0
10739,433000.0
6602,995000.0
2020,329350.0
18091,620000.0
6343,439500.0
13647,399000.0
12096,427000.0
5002,279000.0
11837,385000.0
20448,432500.0
10354,599900.0
5306,499000.0
18695,280000.0
12033,585000.0
18925,329000.0
14392,530000.0
17034,208000.0
1257,295700.0
19455,1390000.0
16096,860000.0
7433,928950.0
20843,375000.0
13614,599950.0
8445,315000.0
8880,525000.0
2639,1270000.0
3025,273500.0
1071,1240000.0
19597,1200000.0
21196,552100.0
15840,583500.0
753,699800.0
17751,410000.0
19368,750000.0
12708,670000.0
21115,525000.0
11296,448000.0
16956,288000.0
562,880000.0
147,430000.0
13335,732000.0
12454,399950.0
8578,285000.0
247,181000.0
9590,283200.0
3739,312500.0
8924,284000.0
13693,600000.0
7265,1070000.0
20096,375000.0
2028,475000.0
5447,299950.0
1654,425000.0
9738,315000.0
17020,600000.0
5159,270000.0
10706,260000.0
4285,585000.0
2786,545000.0
874,860000.0
18184,488000.0
12661,562500.0
20783,290000.0
1852,439500.0
11460,245000.0
0,221900.0
15901,1180000.0
19512,510000.0
8800,235000.0
8994,985000.0
7140,605000.0
2226,210000.0
3812,239000.0
11887,255000.0
8781,415000.0
10206,685000.0
12488,162000.0
2359,500000.0
11643,550000.0
6813,269500.0
16136,555000.0
6662,523000.0
8160,441000.0
10383,405000.0
8882,240000.0
5288,1320000.0
8734,490000.0
6398,225500.0
19770,230000.0
12176,1670000.0
17138,750000.0
4369,191000.0
15799,335000.0
3584,862000.0
5677,286000.0
11186,230000.0
18888,435000.0
6448,490000.0
5603,850000.0
12318,162248.0
425,245000.0
1216,100000.0
5171,195000.0
17743,445000.0
15529,210000.0
16504,376000.0
5993,330000.0
18817,835000.0
20637,405000.0
18442,469000.0
19182,360000.0
8495,549950.0
15170,340000.0
5768,810000.0
11021,903000.0
14893,740000.0
10243,235000.0
13522,249900.0
18465,358000.0
6053,248000.0
12296,429000.0
9083,436000.0
10782,495000.0
9051,706000.0
15163,335000.0
7361,650000.0
11999,395000.0
1467,652000.0
1170,605000.0
10487,1350000.0
15512,1190000.0
15485,509950.0
4810,285000.0
1683,874150.0
8062,319950.0
5176,639000.0
12061,699000.0
8980,454000.0
10726,497000.0
3428,357250.0
11396,568000.0
6137,260000.0
6258,560000.0
11516,265000.0
21472,890776.0
7755,658000.0
20314,399895.0
17203,410000.0
8668,496000.0
15833,719000.0
9510,1350000.0
10244,295000.0
18625,480000.0
434,525000.0
15614,590000.0
21350,370000.0
21062,374950.0
21206,374000.0
19457,370000.0
9349,356000.0
499,437500.0
3999,247500.0
10303,709000.0
1365,303700.0
13473,665000.0
14871,525000.0
4636,208000.0
18475,544000.0
1636,411000.0
15094,1210000.0
10781,521000.0
15650,402000.0
5778,270000.0
6706,235000.0
5301,412500.0
7127,305000.0
2066,361000.0
7066,354900.0
8640,402000.0
18120,330000.0
7217,456500.0
20947,230000.0
16460,349950.0
122,395000.0
2714,365000.0
20707,425000.0
16653,190500.0
12970,490000.0
983,326100.0
14150,476000.0
17298,1740000.0
6965,665000.0
11707,590000.0
9920,672800.0
1319,455000.0
6536,544900.0
1758,599950.0
18736,259000.0
14161,427500.0
20664,282900.0
11231,640000.0
8895,525000.0
10719,449900.0
3091,348000.0
8696,1200000.0
9064,625000.0
16057,340000.0
14781,190000.0
9058,665000.0
1252,258000.0
5419,835000.0
21151,215000.0
8539,330000.0
13457,1170000.0
20545,485230.0
1125,170000.0
3244,464000.0
11890,655000.0
9175,585000.0
15755,642000.0
1592,500000.0
16612,950000.0
1465,440000.0
8396,239300.0
7681,404600.0
2719,223000.0
2742,404000.0
17397,648752.0
6640,265000.0
2770,960000.0
10231,279000.0
11409,1020000.0
9788,246600.0
17830,1380000.0
19675,319000.0
12134,195000.0
15431,299980.0
13577,370000.0
12243,605000.0
13917,246000.0
11172,225000.0
19527,385000.0
18729,725000.0
14794,1050000.0
5487,200000.0
1835,243000.0
6477,525000.0
9142,319502.0
13972,379000.0
12049,531000.0
16333,440000.0
12902,350000.0
17910,420000.0
5295,495000.0
12607,352450.0
12472,238000.0
7858,217000.0
18942,1150000.0
11222,431000.0
10272,1030000.0
1033,768000.0
13706,650000.0
21027,375000.0
9906,649000.0
14282,783500.0
15674,889000.0
11602,311000.0
8814,425000.0
11401,1300000.0
13785,1000000.0
12819,400000.0
2228,426000.0
14226,374000.0
2768,604000.0
11051,845000.0
18107,515500.0
4509,785200.0
3320,452500.0
13100,619000.0
3069,595000.0
7172,470000.0
16422,410000.0
4415,425000.0
2400,322500.0
12569,478000.0
8314,525000.0
11917,571000.0
16541,249900.0
3948,210000.0
7889,200000.0
1329,515000.0
10065,380000.0
4608,240000.0
11945,499000.0
16600,2200000.0
8487,880000.0
10966,375000.0
9189,400000.0
8575,575000.0
17141,680000.0
11410,589000.0
226,479950.0
3683,1440000.0
10095,464000.0
2537,525000.0
15003,615000.0
19064,443000.0
2049,272000.0
1630,520000.0
2370,254000.0
19763,672500.0
2101,583500.0
18978,510000.0
19958,689500.0
21262,335900.0
20161,261950.0
2657,202500.0
8005,550000.0
9483,380000.0
3474,629000.0
932,299900.0
8678,700000.0
183,163500.0
10891,331500.0
12017,485000.0
1924,255000.0
4912,620000.0
15595,540000.0
20908,400000.0
10131,335000.0
17346,840000.0
1515,610000.0
21201,391000.0
16073,180000.0
6766,396000.0
16662,590000.0
2002,830000.0
6377,690500.0
8418,628000.0
19707,384435.0
3803,772000.0
7913,315000.0
5941,420000.0
14950,730000.0
21505,1380000.0
13520,334000.0
6556,269000.0
6310,470000.0
6427,284000.0
14816,465000.0
13569,274000.0
9745,405000.0
21564,594866.0
20826,435000.0
7992,199000.0
5390,299800.0
18073,883000.0
4158,489000.0
21245,870000.0
9070,413565.0
14353,165000.0
2167,765000.0
6462,550000.0
10092,485000.0
9642,479950.0
2693,705000.0
13638,240000.0
10127,678000.0
10185,548000.0
4704,323000.0
17764,1210000.0
4955,1000000.0
4424,1670000.0
19970,1470000.0
15075,321000.0
4920,245000.0
19088,400000.0
10736,265000.0
4398,515000.0
21218,775000.0
914,645000.0
1072,986000.0
16160,425000.0
5610,439900.0
6351,494000.0
2540,210000.0
6458,755000.0
11018,235000.0
8348,205000.0
17564,219000.0
19913,440000.0
21247,495000.0
2176,234000.0
4010,820000.0
20527,390500.0
17600,228500.0
3614,458950.0
1041,512031.0
4905,419500.0
15617,907500.0
7447,265000.0
13094,1260000.0
9942,616500.0
8076,720000.0
964,335000.0
13412,1170000.0
18151,267000.0
19809,950000.0
1394,1060000.0
6020,500000.0
370,280000.0
20289,849990.0
19873,395000.0
989,640000.0
20793,799900.0
1188,405000.0
3070,427500.0
2132,239900.0
19169,660000.0
2135,251700.0
8266,546500.0
20796,351999.0
6040,245000.0
15248,360000.0
5569,241500.0
7877,278800.0
12430,280000.0
6368,251100.0
20980,1270000.0
19885,432500.0
7955,420000.0
12073,210000.0
14900,437500.0
20899,303000.0
21237,671500.0
9963,230000.0
16586,440000.0
3753,625000.0
18973,140000.0
20253,300000.0
5353,300000.0
21591,475000.0
6289,545000.0
20218,790000.0
5510,355000.0
17879,462500.0
12463,645000.0
10905,247000.0
4925,220650.0
8972,780000.0
19017,310000.0
2486,425000.0
9266,220500.0
18248,148900.0
9273,665000.0
18401,410000.0
14347,420000.0
14597,770000.0
14949,805000.0
10875,405000.0
21001,550000.0
8959,525000.0
11010,467500.0
15337,290000.0
3675,527500.0
18460,571500.0
15632,368000.0
2855,423700.0
103,1090000.0
5374,779000.0
1725,435000.0
19143,685000.0
16438,600000.0
13902,270000.0
11419,282000.0
19229,720000.0
17438,287600.0
18878,575000.0
11471,255000.0
1761,597326.0
13564,635000.0
12768,207000.0
19076,745000.0
276,450000.0
535,358000.0
8047,202200.0
15118,635000.0
13120,906000.0
14930,699900.0
2449,265000.0
17870,360000.0
967,440000.0
8820,603500.0
14763,299000.0
10800,480000.0
14428,697000.0
2216,782000.0
13241,589500.0
21157,880000.0
20280,950000.0
10159,389950.0
14111,325000.0
3243,299950.0
20361,673000.0
6578,550000.0
1254,265000.0
5119,245000.0
1119,224500.0
8109,499000.0
17825,269950.0
18855,450000.0
10435,3400000.0
11656,332888.0
17994,275000.0
10786,415000.0
11701,170000.0
7257,245100.0
3509,338500.0
1368,260000.0
1837,249000.0
5009,764000.0
10078,383610.0
17562,375000.0
9239,462000.0
3701,230000.0
131,660500.0
9562,249000.0
12440,420000.0
13729,325000.0
7102,350000.0
13572,340000.0
14934,440000.0
1895,400000.0
12956,225000.0
18177,225000.0
5057,250000.0
5882,513000.0
11804,380000.0
11925,455000.0
4781,429000.0
14675,721000.0
9714,629000.0
5086,475000.0
2301,210000.0
3113,387000.0
3945,998000.0
13928,269950.0
11664,1420000.0
5158,485000.0
5703,350000.0
17195,1450000.0
20862,275000.0
8299,549000.0
4097,634800.0
11159,319000.0
20308,310000.0
4932,1400000.0
10091,312500.0
14857,459900.0
9494,435000.0
11423,470000.0
3351,900000.0
20335,475000.0
20147,383000.0
15830,251000.0
462,230000.0
2352,775000.0
17608,635000.0
12949,388500.0
7983,954500.0
14054,374950.0
16942,675000.0
7241,510000.0
553,261000.0
16354,575000.0
10927,500000.0
1906,439950.0
7812,250000.0
10538,947500.0
13425,785000.0
10484,397000.0
5150,370000.0
1962,252000.0
19976,619000.0
12444,397500.0
18432,705000.0
7340,323000.0
1755,550000.0
15980,465000.0
10450,330000.0
4793,369950.0
15721,234950.0
12240,128750.0
2544,299900.0
10931,472500.0
13672,555000.0
5003,805000.0
5279,210000.0
468,340500.0
19262,365000.0
19686,359950.0
18030,215000.0
4005,559950.0
184,835000.0
5550,434000.0
16899,655000.0
18026,409950.0
11974,330000.0
21004,450000.0
100,850830.0
20112,675000.0
7524,255000.0
7626,738500.0
20041,434900.0
2874,720000.0
863,910000.0
6716,739999.0
1774,327500.0
260,780000.0
13384,240000.0
19937,260000.0
1351,461000.0
13630,327000.0
14935,405000.0
8951,675000.0
5338,585000.0
6207,299950.0
10784,809950.0
4086,462500.0
10041,665000.0
963,630000.0
7730,817500.0
13880,705000.0
16451,200000.0
18443,455000.0
10161,442000.0
2089,1030000.0
18841,269500.0
19651,1450000.0
2986,590000.0
8819,460000.0
1070,360000.0
2810,845000.0
5030,235000.0
3487,325088.0
16305,500000.0
9025,340000.0
10321,247800.0
8325,250000.0
9764,336500.0
13424,575000.0
5575,353000.0
10953,283000.0
16258,276693.0
10361,463800.0
7190,235000.0
15845,535000.0
9447,420000.0
20143,310000.0
9744,246000.0
8292,575000.0
1600,800000.0
18454,220000.0
2803,385000.0
2375,437000.0
15796,133000.0
14514,294000.0
9454,398500.0
15514,615000.0
16978,420000.0
11023,268500.0
13025,500000.0
16825,760000.0
9914,1200000.0
17071,250000.0
14835,420000.0
12056,535000.0
10651,415000.0
13410,720000.0
18296,530100.0
13688,333000.0
15209,300000.0
1383,250000.0
6660,463000.0
17570,395350.0
21586,224000.0
20375,700000.0
2061,510000.0
5890,513000.0
2530,537000.0
10762,515000.0
18732,275000.0
7261,195000.0
15371,450000.0
21260,378950.0
16414,411715.0
8770,380000.0
18588,863000.0
18948,420000.0
4076,450000.0
15928,392500.0
10895,650500.0
20553,1300000.0
8574,509000.0
7888,222000.0
12554,400000.0
2924,265000.0
14666,295000.0
554,396000.0
5377,329000.0
1179,535000.0
10697,420000.0
4282,300000.0
7594,482000.0
8775,1800000.0
7519,614285.0
16365,189000.0
5456,475000.0
14402,700180.0
638,314500.0
15065,288000.0
1360,700000.0
1043,470000.0
15200,175000.0
3380,430000.0
3685,380000.0
14084,424000.0
11239,450000.0
16626,467000.0
19872,741500.0
12183,685000.0
10721,612500.0
19497,819000.0
19674,479950.0
2294,605000.0
18464,520000.0
8318,577500.0
1157,315000.0
2762,385000.0
3615,122000.0
20254,577000.0
20065,599000.0
14110,515000.0
15470,383000.0
20785,728050.0
7844,335000.0
20073,355000.0
21582,541800.0
3664,775000.0
18533,745000.0
1905,590000.0
12698,600000.0
16366,629950.0
15368,500000.0
1075,310000.0
10589,715000.0
17654,465000.0
1012,538200.0
12022,430000.0
19658,386180.0
13553,806000.0
2700,675000.0
18701,1170000.0
15676,407000.0
4663,390000.0
20704,287450.0
388,403950.0
368,785000.0
14301,337000.0
12717,577288.0
15072,360000.0
14878,195000.0
12820,599000.0
18468,543000.0
6778,700000.0
13739,471001.0
17731,272450.0
2321,552500.0
14034,169000.0
6334,480000.0
13851,530000.0
20653,449990.0
14877,725000.0
4522,810000.0
8746,305000.0
9807,490000.0
16298,198500.0
9797,854000.0
13790,640000.0
14840,550000.0
5663,355425.0
10350,375000.0
9929,635000.0
2825,864000.0
7283,550000.0
1303,428000.0
2746,266000.0
4488,564500.0
20529,455000.0
9278,510000.0
2758,615000.0
15704,480000.0
15476,320000.0
5504,1090000.0
13072,599380.0
10837,292000.0
1386,267000.0
114,480000.0
15469,480000.0
8015,425000.0
16220,285000.0
10506,150000.0
18201,330950.0
15280,400000.0
4456,507000.0
14818,396000.0
21315,333000.0
5745,525000.0
12201,902000.0
20044,379950.0
18894,234000.0
5415,215000.0
6380,350000.0
5648,350000.0
15596,140000.0
391,490000.0
8419,640000.0
15440,464550.0
17691,605000.0
20881,1940000.0
15288,625000.0
5737,1090000.0
136,220000.0
14442,1120000.0
9466,215000.0
12431,225000.0
13871,699000.0
5762,640000.0
16704,415000.0
4926,300000.0
13167,335000.0
7686,389000.0
17889,715000.0
9687,315000.0
6008,524000.0
2168,346300.0
11128,253000.0
8068,308000.0
11449,275000.0
4156,579100.0
9160,235000.0
18582,570000.0
5431,375000.0
13144,485000.0
3418,445000.0
12633,458500.0
437,843000.0
17442,565000.0
20305,270000.0
20141,970000.0
4874,825000.0
11898,902500.0
6859,550000.0
14609,564800.0
5727,499000.0
17924,580000.0
7439,277000.0
17533,419950.0
11564,460000.0
8358,185000.0
8909,290000.0
3342,425000.0
30,580500.0
1903,548800.0
3805,430000.0
18195,1210000.0
9515,490000.0
5749,720000.0
19974,685000.0
2282,250000.0
13676,362764.0
18549,165000.0
3287,295000.0
16437,377000.0
12291,575000.0
14578,410000.0
674,385000.0
6839,607500.0
9977,716500.0
3362,406000.0
16996,290000.0
2833,697000.0
1149,425000.0
14987,525000.0
17626,957000.0
5215,239000.0
384,1350000.0
2180,499000.0
18521,665000.0
3111,775000.0
15472,335000.0
10937,1580000.0
1324,625000.0
17379,440000.0
4474,294000.0
19979,279000.0
19311,159000.0
20206,550000.0
2214,327000.0
18463,186950.0
11595,398750.0
16070,465000.0
19125,430000.0
10305,450000.0
7911,475000.0
7616,224500.0
12209,474950.0
15326,307000.0
7400,679000.0
892,340000.0
8773,825000.0
8538,420000.0
12827,718000.0
8158,655100.0
1787,341000.0
7448,623000.0
17100,375000.0
13518,233000.0
20021,692000.0
7962,500000.0
659,888000.0
20451,870000.0
4298,346950.0
4801,224975.0
587,900000.0
10815,583500.0
8304,500000.0
12984,490000.0
7465,725000.0
1354,643000.0
8643,244900.0
4473,910000.0
12177,225000.0
9526,215000.0
19871,907687.0
20861,627000.0
14415,500000.0
7566,320000.0
19485,229500.0
10474,301350.0
13495,869000.0
9845,629000.0
7526,450000.0
16874,995000.0
1864,475000.0
20017,580000.0
20427,385000.0
1090,448000.0
2041,219950.0
2735,374150.0
16951,485000.0
4997,365000.0
11252,499950.0
20858,775000.0
21515,346000.0
18235,395000.0
20942,269800.0
6788,1900000.0
12684,420000.0
7786,358000.0
11713,617000.0
17744,310000.0
9952,319900.0
7941,200000.0
5875,268500.0
2643,895000.0
6426,279950.0
4039,580000.0
15950,490000.0
2363,366500.0
9563,274000.0
15356,436000.0
432,1000000.0
292,360000.0
1028,543115.0
10255,217500.0
3306,426000.0
5209,997000.0
9081,499950.0
12767,199950.0
14976,316500.0
10481,425000.0
3987,499900.0
19755,580000.0
4949,474900.0
3373,625000.0
4451,370000.0
13892,428000.0
4710,827500.0
19789,455000.0
15744,965800.0
6655,275000.0
12218,400000.0
18461,263700.0
12499,356000.0
18420,589000.0
11797,491500.0
5786,810000.0
18737,695000.0
162,900000.0
8082,285650.0
14274,665000.0
17127,655000.0
703,485000.0
14626,180000.0
16209,277554.0
151,560000.0
7115,750000.0
12241,465000.0
3544,805000.0
16334,1500000.0
9529,1160000.0
16793,400950.0
20179,594000.0
16661,464600.0
16235,925000.0
13507,439000.0
7649,960000.0
7951,203000.0
8712,324000.0
4485,716000.0
9597,608000.0
17193,625000.0
7724,775000.0
2767,199000.0
18959,955000.0
8417,700000.0
15708,1680000.0
3941,480000.0
19681,290750.0
11971,319950.0
1325,389000.0
16311,180000.0
18310,655000.0
15090,380000.0
8743,426250.0
14381,450000.0
19481,380000.0
117,205425.0
16988,965000.0
7399,425000.0
10313,535000.0
13291,271000.0
1148,492000.0
11360,292500.0
10758,92000.0
12541,339000.0
9308,440000.0
17392,436000.0
20695,530000.0
13256,290000.0
3797,637000.0
13918,860000.0
1302,275000.0
3831,889000.0
12165,595000.0
18932,313500.0
20508,529500.0
21279,279500.0
15513,295000.0
2577,378500.0
15473,422000.0
9024,770000.0
11518,560000.0
18797,345000.0
858,425000.0
8687,225000.0
1663,662990.0
12627,475000.0
5712,405000.0
3179,395000.0
16685,234950.0
14684,653000.0
10577,325000.0
9557,540000.0
14951,402000.0
20458,379000.0
11788,312000.0
9670,1700000.0
9930,420000.0
6686,246000.0
19308,2160000.0
19959,175003.0
20376,838000.0
12372,570500.0
18316,494000.0
1997,722500.0
12560,638000.0
14640,475000.0
18937,309000.0
12835,249000.0
13696,247200.0
10282,254000.0
12382,204000.0
4004,770000.0
4095,875000.0
7657,465000.0
13201,402000.0
20059,428900.0
9315,551000.0
16893,162950.0
16237,215000.0
6776,398500.0
3752,405000.0
17984,216000.0
1370,330000.0
16645,552321.0
10880,440000.0
5578,357500.0
19704,327555.0
20242,778983.0
170,284000.0
12532,567500.0
8172,475000.0
15435,657000.0
13087,438800.0
14481,415950.0
15934,555000.0
5135,250000.0
409,840000.0
21059,586500.0
7505,470000.0
13724,584950.0
150,532170.0
3190,315000.0
16846,585000.0
95,905000.0
10565,333000.0
7775,660000.0
14918,920000.0
20042,325000.0
17659,217500.0
15408,645000.0
20512,505000.0
17101,182500.0
1555,937500.0
8298,473000.0
5755,1100000.0
8519,385000.0
5068,859000.0
16623,222500.0
9115,445000.0
16853,515000.0
19219,200000.0
20090,547500.0
3895,418800.0
17404,290000.0
6163,575000.0
14218,815000.0
7788,240000.0
7132,605000.0
5083,350000.0
2005,1020000.0
7997,335000.0
12207,250000.0
7037,649000.0
14272,499950.0
21446,535000.0
2044,1570000.0
12566,299000.0
9875,241000.0
1696,340000.0
6151,742500.0
8647,440000.0
14496,380000.0
13131,520000.0
10616,455500.0
3448,735000.0
12639,945000.0
13734,580000.0
1538,415000.0
16410,438200.0
20477,953007.0
1557,720000.0
6390,178000.0
8020,480000.0
11073,299900.0
13980,880000.0
7123,460000.0
21514,3000000.0
20155,550000.0
18816,785000.0
1382,433500.0
9580,275000.0
5339,482975.0
21429,531155.0
14919,495500.0
2794,430000.0
1781,443000.0
21347,410000.0
11379,500000.0
2140,765000.0
16430,315000.0
15975,225000.0
9486,308000.0
17811,425000.0
4008,525000.0
8822,1010000.0
4279,465000.0
9357,325000.0
16829,379000.0
12784,395000.0
2821,425000.0
19623,399000.0
19905,315000.0
325,240500.0
1999,280000.0
16842,333000.0
13212,625000.0
12438,344950.0
17436,795000.0
14138,950000.0
2929,1010000.0
6437,517500.0
980,718000.0
7554,258900.0
15731,912000.0
13963,800000.0
7533,183750.0
21440,450000.0
16246,1250000.0
31,280000.0
14219,2200000.0
1701,617000.0
6687,430000.0
7998,865000.0
16857,490000.0
9190,225000.0
10475,425000.0
7449,486000.0
4628,403000.0
13406,1550000.0
6281,890000.0
16287,1600000.0
5829,447500.0
19271,930000.0
18305,881000.0
2042,940000.0
16712,1150000.0
18777,490000.0
1644,340000.0
2105,272000.0
11192,595000.0
6678,505000.0
17411,480000.0
13771,402000.0
15688,500000.0
8866,310000.0
5148,395000.0
11521,589000.0
16508,710000.0
7875,625000.0
14940,795000.0
3044,386900.0
19337,390000.0
11728,850000.0
7468,396480.0
7967,285000.0
8838,485000.0
15456,275000.0
15599,227000.0
16982,645000.0
21329,680000.0
1653,365000.0
2286,517100.0
12512,282000.0
724,350000.0
15460,225900.0
17178,526000.0
12145,552775.0
3840,216650.0
18926,909000.0
4154,720000.0
11448,475000.0
1364,450000.0
9948,437500.0
790,522000.0
9710,440000.0
4512,425000.0
10063,333760.0
13245,260000.0
14051,357500.0
18818,640500.0
15850,237500.0
39,605000.0
3758,524500.0
1512,432900.0
6789,472000.0
15124,370000.0
20917,1550000.0
5471,329950.0
3006,430000.0
5235,1040000.0
11976,329000.0
12410,317000.0
9984,279000.0
7011,870000.0
8979,700000.0
7699,569000.0
1086,225000.0
21443,400000.0
7021,567000.0
10672,452000.0
11844,154500.0
15820,670000.0
8033,440000.0
7656,1270000.0
21358,705000.0
2918,1130000.0
16510,1400000.0
8921,199950.0
17385,199000.0
313,1380000.0
19736,569950.0
10176,510000.0
6513,199500.0
7694,345000.0
6055,199000.0
12301,624000.0
8345,532000.0
21408,890000.0
258,255000.0
8769,325000.0
528,365000.0
17031,389999.0
12185,749000.0
13581,294350.0
7870,360000.0
20014,399440.0
17009,400000.0
9280,432500.0
8692,249950.0
774,390000.0
8458,324950.0
8308,542000.0
766,824000.0
20919,577450.0
178,269950.0
12714,642860.0
13679,157000.0
21360,365000.0
13946,518000.0
17468,340000.0
10865,470000.0
12264,650000.0
4988,650000.0
9101,1050000.0
2482,294000.0
18809,569000.0
6707,286000.0
16222,165000.0
20295,500000.0
7046,940000.0
392,330000.0
21249,567500.0
5494,365000.0
5465,410000.0
14512,1030000.0
18522,287000.0
6598,600000.0
13977,940000.0
16761,585000.0
6395,470000.0
14281,396500.0
3602,470000.0
15290,535000.0
4575,238000.0
11089,305000.0
13600,375000.0
6094,495000.0
5667,430000.0
1014,164808.0
452,232000.0
9560,380000.0
3934,311000.0
6286,277000.0
441,196000.0
19314,242000.0
10133,245000.0
18652,526500.0
12179,438950.0
9719,215000.0
15636,247200.0
5064,643000.0
14510,485000.0
5333,303500.0
10959,427000.0
18362,235000.0
1272,320000.0
14530,325250.0
7106,481000.0
16184,81000.0
16221,800000.0
19404,779950.0
933,891000.0
14444,185000.0
7275,600000.0
6341,905000.0
10476,460000.0
5894,595000.0
11284,813000.0
3109,196000.0
377,275000.0
18671,699950.0
5711,1520000.0
3200,528000.0
17927,1320000.0
3135,450000.0
7353,907000.0
6898,349900.0
12189,355000.0
5175,835000.0
1717,700000.0
16873,560000.0
3555,540000.0
18378,1230000.0
15203,390000.0
10149,660000.0
8922,386000.0
1250,399000.0
18537,720000.0
13700,756100.0
10153,428000.0
16390,575000.0
1545,503000.0
12252,655000.0
13971,1820000.0
6306,580000.0
86,305000.0
7058,340000.0
169,371500.0
15450,295000.0
19653,299900.0
9126,570000.0
19946,445000.0
21159,775000.0
21100,474950.0
3502,635000.0
777,493000.0
1472,280000.0
17233,696000.0
2341,459000.0
4225,486700.0
18258,968060.0
21214,497000.0
6348,299900.0
9556,457000.0
11753,419000.0
4414,864000.0
15331,275000.0
2533,595000.0
6403,695000.0
2150,605000.0
15967,230000.0
8235,675000.0
5417,675000.0
20269,456500.0
18630,575000.0
8307,515000.0
1112,660000.0
17372,780000.0
2258,208000.0
4291,1160000.0
645,240000.0
5272,390000.0
16970,339000.0
7330,599950.0
6154,216600.0
4271,1280000.0
20939,419190.0
3689,659000.0
20976,414000.0
15050,499000.0
148,258000.0
10667,402500.0
13822,245000.0
8460,207000.0
12121,650000.0
1405,345000.0
16524,155000.0
14196,355000.0
18044,244000.0
15434,518500.0
14387,547000.0
18591,1320000.0
17666,345000.0
9301,775000.0
7861,1150000.0
16995,230000.0
1117,353000.0
3749,549000.0
7010,400000.0
21562,362500.0
8601,559000.0
1021,375000.0
2542,336800.0
1959,250000.0
16677,429000.0
20506,572000.0
9661,865000.0
8554,299900.0
13458,745000.0
7332,263000.0
17286,669000.0
935,378000.0
16114,367500.0
6465,1150000.0
19318,400000.0
5688,294010.0
6092,1150000.0
11391,620000.0
19910,409950.0
7792,875000.0
15749,480000.0
6452,998160.0
18266,750000.0
3225,350000.0
8365,435000.0
534,204000.0
4213,285000.0
7846,420000.0
7731,810000.0
17257,423000.0
13157,540000.0
15803,380000.0
12551,845000.0
10446,654300.0
20352,805000.0
10680,345000.0
4931,440000.0
16180,416000.0
13143,637000.0
11350,862000.0
8196,330000.0
5289,335000.0
15692,660000.0
20724,497000.0
16603,355500.0
11115,725000.0
11124,500000.0
8553,595000.0
9128,560000.0
13940,762300.0
3230,1060000.0
2086,1200000.0
20297,305000.0
5582,450000.0
14003,255000.0
2840,375000.0
16594,245000.0
18741,999000.0
10150,449950.0
11481,225000.0
1760,530000.0
14029,257000.0
6571,908800.0
4555,1260000.0
18206,305000.0
9873,260000.0
13792,228000.0
3419,250000.0
18764,740000.0
2595,352500.0
19665,1850000.0
6609,225000.0
7841,175000.0
17554,397500.0
9194,670000.0
21558,610950.0
11541,299999.0
53,585000.0
5469,280000.0
11590,1110000.0
18567,450000.0
2677,347500.0
16948,152500.0
18498,280000.0
4389,353000.0
6068,329950.0
7372,713000.0
6594,453000.0
9021,415000.0
14538,475000.0
14842,459000.0
9449,762500.0
15439,575000.0
1459,459000.0
7968,365000.0
4255,210000.0
7577,205000.0
19584,1410000.0
10855,750000.0
12749,355000.0
12785,360000.0
3746,325000.0
9211,729032.0
21021,327000.0
17702,680000.0
18510,602000.0
19737,723000.0
3039,530000.0
15263,772500.0
1097,285000.0
18935,268000.0
15093,235000.0
9698,229950.0
14194,305000.0
10796,625000.0
1839,905000.0
6276,270000.0
9427,375000.0
14346,405000.0
6265,625000.0
342,425000.0
4148,378950.0
10363,443000.0
704,130000.0
4018,430000.0
9241,243000.0
6961,316000.0
18669,360000.0
21518,599000.0
21402,750000.0
20402,709950.0
20370,420000.0
17099,415000.0
9553,516200.0
2389,592000.0
17801,886000.0
4640,560000.0
9397,380000.0
20130,328423.0
5359,404000.0
4416,374950.0
20619,852880.0
5833,245000.0
9504,404000.0
19850,415000.0
14963,385000.0
12199,1190000.0
1748,416000.0
4895,550000.0
21338,495000.0
19221,2720000.0
12959,614950.0
11201,255000.0
599,1220000.0
10933,294000.0
8577,795000.0
344,552250.0
7151,390000.0
9173,400000.0
11058,527000.0
13468,975000.0
4764,154000.0
16118,370000.0
5928,749400.0
19032,340500.0
16599,400000.0
15625,334950.0
10353,536500.0
697,268000.0
16286,753000.0
5291,520000.0
17114,153000.0
15918,782000.0
10167,251000.0
9994,369950.0
18748,389000.0
809,361000.0
17883,985000.0
7853,826600.0
7550,578000.0
1865,365000.0
19269,300000.0
6506,1240000.0
10980,554950.0
10060,579000.0
18303,539950.0
14095,229950.0
10022,228000.0
185,1100000.0
19420,333000.0
3291,555000.0
4223,755000.0
2387,900000.0
11351,870000.0
8986,390000.0
7256,606400.0
2947,313000.0
14126,2110000.0
10112,465000.0
9735,300000.0
18441,245000.0
2031,350000.0
6461,817500.0
10182,260000.0
10057,365000.0
9352,429000.0
16627,339000.0
9276,485000.0
13202,825000.0
11129,392500.0
551,1450000.0
15463,802000.0
484,1390000.0
20457,661000.0
18156,415000.0
7368,250000.0
20027,545000.0
3911,425000.0
12370,207000.0
20711,513000.0
18056,545000.0
16213,485000.0
15809,435000.0
16729,244500.0
1315,548000.0
19943,572800.0
19902,435000.0
14286,300000.0
20795,580000.0
15907,235000.0
15471,257000.0
3933,442500.0
14248,495000.0
5966,215000.0
19026,707000.0
9476,349170.0
9055,545000.0
5529,525000.0
15984,345000.0
5541,650000.0
11577,1140000.0
21567,399950.0
8322,1660000.0
1626,880000.0
19411,349000.0
12789,268000.0
21470,1460000.0
7294,409000.0
4689,173250.0
20307,672000.0
13736,272000.0
6530,280000.0
10969,1050000.0
7355,269500.0
20683,317500.0
1604,780000.0
12947,345000.0
7386,366000.0
2709,305000.0
10398,269000.0
5870,395000.0
3302,491950.0
16598,229000.0
7825,469000.0
18927,187000.0
7868,354901.0
1330,605000.0
2668,311000.0
18840,405000.0
12023,415000.0
2567,895000.0
20849,999950.0
10559,480000.0
5789,665000.0
13650,360000.0
5412,433000.0
18448,455000.0
10479,435000.0
14030,744500.0
9758,366000.0
21300,1700000.0
21266,706000.0
7890,367000.0
4292,156000.0
15576,430000.0
12244,994000.0
14343,1010000.0
3744,2450000.0
17504,265000.0
19700,400000.0
16045,530000.0
11123,685000.0
4464,925000.0
8722,479500.0
7397,1600000.0
12618,230000.0
16245,225000.0
4259,530000.0
17648,340000.0
20418,1140000.0
19942,950000.0
14811,834800.0
10913,734000.0
20779,450000.0
3533,310000.0
13281,1690000.0
4070,435000.0
20344,255000.0
17575,401000.0
9152,748000.0
17690,327500.0
12810,145000.0
12076,325000.0
3197,178000.0
8253,602000.0
5807,652000.0
19024,680000.0
17105,450500.0
8667,380000.0
16456,305500.0
12885,443950.0
4144,430000.0
19877,425000.0
8187,365000.0
13865,499950.0
18167,262500.0
16962,325000.0
3977,310597.0
15855,362000.0
9121,575000.0
19501,525000.0
20644,315000.0
20507,459000.0
159,320000.0
11803,467000.0
190,305000.0
3719,463000.0
2589,375000.0
12425,550000.0
16858,277000.0
1931,690000.0
11133,877500.0
17140,209995.0
13499,728935.0
10434,240000.0
6329,1970000.0
19131,352500.0
21407,535000.0
18216,235000.0
4228,268000.0
13255,185000.0
16522,369000.0
13365,810000.0
3132,275000.0
18775,465000.0
16606,256000.0
10203,700000.0
16316,625000.0
6933,800000.0
9134,383001.0
14707,244000.0
6175,289950.0
9961,495000.0
5832,980000.0
6771,408000.0
16421,539000.0
14559,390000.0
9616,322000.0
14622,335000.0
3785,533250.0
440,227950.0
18517,393000.0
10864,238950.0
16296,740000.0
6901,655000.0
16709,422000.0
18993,571500.0
15092,525000.0
11883,336000.0
11534,675000.0
2450,740000.0
694,690000.0
14884,610000.0
11283,671500.0
20397,529950.0
15315,225000.0
13812,257000.0
2931,276000.0
6507,535000.0
9188,405000.0
15915,910000.0
2901,675000.0
399,269900.0
18892,676000.0
7429,1310000.0
12110,251000.0
21543,305000.0
17248,308000.0
6433,445000.0
1376,279200.0
8031,515000.0
15372,840500.0
7338,330000.0
20040,539000.0
945,260000.0
12193,545000.0
9507,265000.0
19036,299000.0
1713,338000.0
17361,492500.0
6888,250000.0
5444,2850000.0
4627,641000.0
6511,560000.0
9410,400000.0
447,505000.0
11840,310000.0
9753,299950.0
8337,452000.0
6611,829900.0
15969,185000.0
11827,320000.0
19636,274000.0
2663,456150.0
20250,625000.0
20568,492000.0
3324,318500.0
11183,310000.0
16961,730000.0
15893,339300.0
14311,750000.0
12932,436000.0
18427,635000.0
20248,649000.0
18962,335000.0
8942,428750.0
549,215000.0
7800,485000.0
20564,289000.0
6328,455850.0
8223,613000.0
15308,999000.0
8462,695000.0
14178,199950.0
18188,1390000.0
6889,225000.0
10964,742500.0
15013,470000.0
12481,399000.0
5217,350000.0
11998,439950.0
288,675000.0
13392,781000.0
10389,399000.0
15186,615000.0
13643,479500.0
17325,455600.0
12952,672000.0
5741,267000.0
9621,297300.0
1705,365000.0
13452,450000.0
1961,412000.0
7346,304000.0
14368,262000.0
13754,505000.0
21430,358000.0
3738,778000.0
3114,900000.0
4676,1130000.0
12468,297000.0
14712,378510.0
5939,268643.0
21119,449500.0
14305,317500.0
3319,359000.0
7987,305000.0
19901,825000.0
10081,365000.0
19751,719000.0
20602,610000.0
13111,381000.0
596,372500.0
18790,520000.0
1403,439000.0
